country,timestamp,temperature_celsius,feels_like,humidity_percent,pressure_hpa,wind_speed_mps,weather_description,cloudiness_percent,latitude,longitude,hour,day_of_week,day_of_month,month,is_weekend,temp_lag_1,temp_lag_2,temp_lag_4,humidity_lag_1,pressure_lag_1,temp_rolling_mean_24h,temp_rolling_std_24h,temp_rolling_max_24h,temp_rolling_min_24h,temp_change_6h,target_temp_24h,city_Cancún,city_Guadalajara,city_Mexico City,city_Monterrey,city_Toluca
MX,2025-11-06 08:47:28.553398,23.92,24.98,100,1015,2.82,light rain,99,21.1743,-86.8466,8,3,6,11,0,25.03,27.76,28.31,94.0,1018.0,26.255,2.116671916003987,28.31,23.92,-1.1099999999999994,23.92,True,False,False,False,False
MX,2025-11-06 14:47:28.582949,26.09,26.09,95,1017,0.0,light rain,100,21.1743,-86.8466,14,3,6,11,0,23.92,25.03,28.31,100.0,1015.0,25.700000000000003,1.6343194302216413,27.76,23.92,2.169999999999998,30.54,True,False,False,False,False
MX,2025-11-06 20:47:28.566501,28.96,34.42,79,1013,0.0,light rain,75,21.1743,-86.8466,20,3,6,11,0,26.09,23.92,27.76,95.0,1017.0,26.0,2.163099627848886,28.96,23.92,2.870000000000001,30.03,True,False,False,False,False
MX,2025-11-07 02:47:28.578127,24.96,25.97,94,1015,0.0,overcast clouds,100,21.1743,-86.8466,2,4,7,11,0,28.96,26.09,25.03,79.0,1013.0,25.9825,2.173819603064306,28.96,23.92,-4.0,23.92,True,False,False,False,False
MX,2025-11-07 08:47:28.595850,23.92,24.82,94,1013,2.06,clear sky,7,21.1743,-86.8466,8,4,7,11,0,24.96,28.96,23.92,94.0,1015.0,25.9825,2.173819603064306,28.96,23.92,-1.0399999999999991,22.96,True,False,False,False,False
MX,2025-11-07 14:47:28.604093,30.54,35.08,65,1014,2.52,clear sky,5,21.1743,-86.8466,14,4,7,11,0,23.92,24.96,26.09,94.0,1013.0,27.095,3.161492263683926,30.54,23.92,6.619999999999997,28.31,True,False,False,False,False
MX,2025-11-07 20:47:28.597468,30.03,33.3,62,1010,2.61,few clouds,15,21.1743,-86.8466,20,4,7,11,0,30.54,23.92,28.96,65.0,1014.0,27.362499999999997,3.4075834545906547,30.54,23.92,-0.509999999999998,31.09,True,False,False,False,False
MX,2025-11-08 02:47:28.585424,23.92,24.82,94,1012,1.47,clear sky,0,21.1743,-86.8466,2,5,8,11,1,30.03,30.54,24.96,62.0,1010.0,27.1025,3.6807279624190254,30.54,23.92,-6.109999999999999,24.96,True,False,False,False,False
MX,2025-11-08 08:47:28.586218,22.96,23.92,100,1011,0.0,light rain,20,21.1743,-86.8466,8,5,8,11,1,23.92,30.03,23.92,94.0,1012.0,26.8625,3.9768025263185143,30.54,22.96,-0.9600000000000009,24.96,True,False,False,False,False
MX,2025-11-08 14:47:28.598705,28.31,33.6,84,1013,0.0,light rain,20,21.1743,-86.8466,14,5,8,11,1,22.96,23.92,30.54,100.0,1011.0,26.305,3.4045508759110437,30.03,22.96,5.349999999999998,29.98,True,False,False,False,False
MX,2025-11-08 20:47:28.600730,31.09,38.09,71,1010,5.14,scattered clouds,40,21.1743,-86.8466,20,5,8,11,1,28.31,22.96,30.03,84.0,1013.0,26.57,3.808438000020478,31.09,22.96,2.780000000000001,29.96,True,False,False,False,False
MX,2025-11-09 02:47:28.588414,24.96,25.97,94,1014,0.0,light rain,20,21.1743,-86.8466,2,6,9,11,1,31.09,28.31,23.92,71.0,1010.0,26.830000000000002,3.5968412067627678,31.09,22.96,-6.129999999999999,24.96,True,False,False,False,False
MX,2025-11-09 08:47:28.592463,24.96,26.12,100,1012,0.0,moderate rain,40,21.1743,-86.8466,8,6,9,11,1,24.96,31.09,22.96,94.0,1014.0,27.33,2.9626452144437803,31.09,24.96,0.0,23.96,True,False,False,False,False
MX,2025-11-09 14:47:28.653528,29.98,35.99,74,1015,0.0,light rain,40,21.1743,-86.8466,14,6,9,11,1,24.96,24.96,28.31,100.0,1012.0,27.7475,3.2504704787666188,31.09,24.96,5.02,26.96,True,False,False,False,False
MX,2025-11-09 20:47:28.610853,29.96,34.02,66,1013,3.09,light rain,75,21.1743,-86.8466,20,6,9,11,1,29.98,24.96,31.09,74.0,1015.0,27.465000000000003,2.8925363725745323,29.98,24.96,-0.019999999999999574,25.54,True,False,False,False,False
MX,2025-11-10 02:47:28.561429,24.96,25.97,94,1017,0.0,light rain,40,21.1743,-86.8466,2,0,10,11,0,29.96,29.98,24.96,66.0,1013.0,27.465,2.8925363725745323,29.98,24.96,-5.0,24.96,True,False,False,False,False
MX,2025-11-10 08:47:28.630272,23.96,24.87,94,1016,1.03,scattered clouds,40,21.1743,-86.8466,8,0,10,11,0,24.96,29.96,24.96,94.0,1017.0,27.215000000000003,3.207298967459479,29.98,23.96,-1.0,22.96,True,False,False,False,False
MX,2025-11-10 14:47:28.630727,26.96,29.93,83,1019,1.03,light rain,75,21.1743,-86.8466,14,0,10,11,0,23.96,24.96,29.98,94.0,1016.0,26.46,2.64575131106459,29.96,23.96,3.0,23.31,True,False,False,False,False
MX,2025-11-10 20:47:28.629254,25.54,26.26,81,1018,2.68,moderate rain,100,21.1743,-86.8466,20,0,10,11,0,26.96,23.96,29.96,83.0,1019.0,25.355,1.2533023045804597,26.96,23.96,-1.4200000000000017,24.98,True,False,False,False,False
MX,2025-11-11 02:47:28.633444,24.96,25.21,65,1023,4.12,haze,100,21.1743,-86.8466,2,1,11,11,0,25.54,26.96,24.96,81.0,1018.0,25.355,1.2533023045804597,26.96,23.96,-0.5799999999999983,22.96,True,False,False,False,False
MX,2025-11-11 08:47:28.588278,22.96,23.09,68,1022,2.57,overcast clouds,100,21.1743,-86.8466,8,1,11,11,0,24.96,25.54,23.96,65.0,1023.0,25.105,1.6585435377664035,26.96,22.96,-2.0,21.96,True,False,False,False,False
MX,2025-11-11 14:47:28.592322,23.31,23.26,60,1024,3.13,broken clouds,75,21.1743,-86.8466,14,1,11,11,0,22.96,24.96,26.96,68.0,1022.0,24.192500000000003,1.2520216984275438,25.54,22.96,0.34999999999999787,22.76,True,False,False,False,False
MX,2025-11-11 20:47:28.582656,24.98,25.05,58,1020,3.13,haze,75,21.1743,-86.8466,20,1,11,11,0,23.31,22.96,25.54,60.0,1024.0,24.0525,1.0690611145611508,24.98,22.96,1.6700000000000017,22.2,True,False,False,False,False
MX,2025-11-12 02:47:28.627674,22.96,22.77,56,1023,2.57,light rain,100,21.1743,-86.8466,2,2,12,11,0,24.98,23.31,24.96,58.0,1020.0,23.552500000000002,0.9658631718140724,24.98,22.96,-2.0199999999999996,21.96,True,False,False,False,False
MX,2025-11-12 08:47:28.601525,21.96,21.88,64,1021,3.6,broken clouds,75,21.1743,-86.8466,8,2,12,11,0,22.96,24.98,22.96,56.0,1023.0,23.3025,1.2561415790693125,24.98,21.96,-1.0,22.96,True,False,False,False,False
MX,2025-11-12 14:47:28.614792,22.76,23.08,76,1022,0.45,overcast clouds,100,21.1743,-86.8466,14,2,12,11,0,21.96,22.96,23.31,64.0,1021.0,23.165000000000003,1.2848216478043746,24.98,21.96,0.8000000000000007,25.54,True,False,False,False,False
MX,2025-11-12 20:47:28.615077,22.2,22.7,85,1018,2.06,light rain,100,21.1743,-86.8466,20,2,12,11,0,22.76,21.96,24.98,76.0,1022.0,22.470000000000002,0.46804558182592226,22.96,21.96,-0.5600000000000023,25.54,True,False,False,False,False
MX,2025-11-13 02:47:28.551303,21.96,22.67,94,1019,0.0,light rain,100,21.1743,-86.8466,2,3,13,11,0,22.2,22.76,22.96,85.0,1018.0,22.22,0.37735924528240355,22.76,21.96,-0.23999999999999844,24.96,True,False,False,False,False
MX,2025-11-13 08:47:28.570539,22.96,23.77,94,1017,0.0,overcast clouds,100,21.1743,-86.8466,8,3,13,11,0,21.96,22.2,21.96,94.0,1019.0,22.470000000000002,0.46804558182592226,22.96,21.96,1.0,23.96,True,False,False,False,False
MX,2025-11-13 14:47:28.620716,25.54,26.24,80,1020,2.57,light rain,100,21.1743,-86.8466,14,3,13,11,0,22.96,21.96,22.76,94.0,1017.0,23.165,1.6397052580672582,25.54,21.96,2.5799999999999983,27.2,True,False,False,False,False
MX,2025-11-13 20:47:28.593381,25.54,26.21,79,1016,4.12,light rain,100,21.1743,-86.8466,20,3,13,11,0,25.54,22.96,22.2,80.0,1020.0,24.0,1.8244999314880939,25.54,21.96,0.0,27.2,True,False,False,False,False
MX,2025-11-14 02:47:28.603724,24.96,25.55,78,1018,2.06,light rain,75,21.1743,-86.8466,2,4,14,11,0,25.54,25.54,21.96,79.0,1016.0,24.75,1.22425487542425,25.54,22.96,-0.5799999999999983,22.96,True,False,False,False,False
MX,2025-11-14 08:47:28.602955,23.96,24.58,83,1016,1.54,few clouds,20,21.1743,-86.8466,8,4,14,11,0,24.96,25.54,22.96,78.0,1018.0,25.0,0.7452963616352279,25.54,23.96,-1.0,22.96,True,False,False,False,False
MX,2025-11-14 14:47:28.562220,27.2,29.39,72,1018,1.79,light rain,40,21.1743,-86.8466,14,4,14,11,0,23.96,24.96,25.54,83.0,1016.0,25.415,1.3571907259728457,27.2,23.96,3.2399999999999984,27.2,True,False,False,False,False
MX,2025-11-14 20:47:28.625213,27.2,29.48,73,1015,4.12,light rain,75,21.1743,-86.8466,20,4,14,11,0,27.2,23.96,25.54,72.0,1018.0,25.83,1.633768649472754,27.2,23.96,0.0,26.96,True,False,False,False,False
MX,2025-11-15 02:47:28.590563,22.96,23.77,94,1017,0.0,light rain,40,21.1743,-86.8466,2,5,15,11,1,27.2,27.2,24.96,73.0,1015.0,25.330000000000002,2.197544083744404,27.2,22.96,-4.239999999999998,23.96,True,False,False,False,False
MX,2025-11-15 08:47:28.600652,22.96,23.77,94,1014,1.54,light rain,75,21.1743,-86.8466,8,5,15,11,1,22.96,27.2,23.96,94.0,1017.0,25.08,2.4479651413640204,27.2,22.96,0.0,19.96,True,False,False,False,False
MX,2025-11-15 14:47:28.604894,27.2,29.98,78,1016,1.54,light rain,40,21.1743,-86.8466,14,5,15,11,1,22.96,22.96,27.2,94.0,1014.0,25.080000000000002,2.4479651413640204,27.2,22.96,4.239999999999998,23.96,True,False,False,False,False
MX,2025-11-15 20:47:28.634487,26.96,28.71,69,1013,3.09,scattered clouds,40,21.1743,-86.8466,20,5,15,11,1,27.2,22.96,27.2,78.0,1016.0,25.020000000000003,2.3807001771187757,27.2,22.96,-0.23999999999999844,26.96,True,False,False,False,False
MX,2025-11-16 02:47:28.602476,23.96,24.45,78,1014,0.0,scattered clouds,40,21.1743,-86.8466,2,6,16,11,1,26.96,27.2,22.96,69.0,1013.0,25.27,2.1317598363793313,27.2,22.96,-3.0,22.81,True,False,False,False,False
MX,2025-11-16 08:47:28.574486,19.96,20.47,94,1013,0.0,few clouds,20,21.1743,-86.8466,8,6,16,11,1,23.96,26.96,22.96,78.0,1014.0,24.520000000000003,3.378520386204595,27.2,19.96,-4.0,19.96,True,False,False,False,False
MX,2025-11-16 14:47:28.579346,23.96,24.58,83,1015,1.54,few clouds,20,21.1743,-86.8466,14,6,16,11,1,19.96,23.96,27.2,94.0,1013.0,23.71,2.872281323269025,26.96,19.96,4.0,24.96,True,False,False,False,False
MX,2025-11-16 20:47:28.614488,26.96,28.71,69,1011,0.0,scattered clouds,40,21.1743,-86.8466,20,6,16,11,1,23.96,19.96,26.96,83.0,1015.0,23.71,2.872281323269025,26.96,19.96,3.0,28.87,True,False,False,False,False
MX,2025-11-17 02:47:28.581391,22.81,23.6,94,1014,2.68,scattered clouds,43,21.1743,-86.8466,2,0,17,11,0,26.96,23.96,23.96,69.0,1011.0,23.4225,2.8963698543751972,26.96,19.96,-4.150000000000002,23.96,True,False,False,False,False
MX,2025-11-17 08:47:28.697388,19.96,20.62,100,1013,0.0,clear sky,0,21.1743,-86.8466,8,0,17,11,0,22.81,26.96,19.96,94.0,1014.0,23.4225,2.8963698543751972,26.96,19.96,-2.849999999999998,19.96,True,False,False,False,False
MX,2025-11-17 14:47:28.611686,24.96,25.68,83,1015,0.0,clear sky,0,21.1743,-86.8466,14,0,17,11,0,19.96,22.81,23.96,100.0,1013.0,23.6725,2.9995485771473565,26.96,19.96,5.0,25.96,True,False,False,False,False
MX,2025-11-17 20:47:28.596053,28.87,31.92,67,1013,4.63,broken clouds,75,21.1743,-86.8466,20,0,17,11,0,24.96,19.96,26.96,83.0,1015.0,24.15,3.7543841039510144,28.87,19.96,3.91,27.96,True,False,False,False,False
MX,2025-11-18 02:47:28.596622,23.96,24.71,88,1016,1.03,broken clouds,75,21.1743,-86.8466,2,1,18,11,0,28.87,24.96,22.81,67.0,1013.0,24.4375,3.6604223344672566,28.87,19.96,-4.91,21.96,True,False,False,False,False
MX,2025-11-18 08:47:28.627097,19.96,20.62,100,1015,0.0,clear sky,0,21.1743,-86.8466,8,1,18,11,0,23.96,28.87,19.96,88.0,1016.0,24.4375,3.6604223344672566,28.87,19.96,-4.0,19.96,True,False,False,False,False
MX,2025-11-18 14:47:28.607383,25.96,25.96,83,1018,0.0,broken clouds,75,21.1743,-86.8466,14,1,18,11,0,19.96,23.96,24.96,100.0,1015.0,24.6875,3.741259814554457,28.87,19.96,6.0,27.76,True,False,False,False,False
MX,2025-11-18 20:47:28.580352,27.96,29.96,65,1015,2.06,scattered clouds,40,21.1743,-86.8466,20,1,18,11,0,25.96,19.96,28.87,83.0,1018.0,24.46,3.415650255319874,27.96,19.96,2.0,28.87,True,False,False,False,False
MX,2025-11-19 02:47:28.609500,21.96,22.67,94,1018,0.0,scattered clouds,40,21.1743,-86.8466,2,2,19,11,0,27.96,25.96,23.96,65.0,1015.0,23.96,3.6514837167011156,27.96,19.96,-6.0,23.96,True,False,False,False,False
MX,2025-11-19 08:47:28.592594,19.96,20.47,94,1016,0.0,clear sky,0,21.1743,-86.8466,8,2,19,11,0,21.96,27.96,19.96,94.0,1018.0,23.96,3.6514837167011156,27.96,19.96,-2.0,21.7,True,False,False,False,False
MX,2025-11-19 14:47:28.629643,27.76,30.96,76,1019,0.0,broken clouds,75,21.1743,-86.8466,14,2,19,11,0,19.96,21.96,25.96,94.0,1016.0,24.41,4.067349669420296,27.96,19.96,7.800000000000001,25.96,True,False,False,False,False
MX,2025-11-19 20:47:28.601055,28.87,32.99,73,1015,0.89,overcast clouds,100,21.1743,-86.8466,20,2,19,11,0,27.76,19.96,27.96,76.0,1019.0,24.637500000000003,4.347875918192703,28.87,19.96,1.1099999999999994,27.96,True,False,False,False,False
MX,2025-11-20 02:47:28.601118,23.96,24.87,94,1017,0.0,clear sky,0,21.1743,-86.8466,2,3,20,11,0,28.87,27.76,21.96,73.0,1015.0,25.1375,4.0415374549792356,28.87,19.96,-4.91,25.96,True,False,False,False,False
MX,2025-11-20 08:47:28.658302,21.7,22.54,100,1016,2.27,clear sky,3,21.1743,-86.8466,8,3,20,11,0,23.96,28.87,19.96,94.0,1017.0,25.5725,3.3294181173292174,28.87,21.7,-2.2600000000000016,25.96,True,False,False,False,False
MX,2025-11-20 14:47:28.641278,25.96,25.96,94,1017,0.0,light rain,20,21.1743,-86.8466,14,3,20,11,0,21.7,23.96,27.76,100.0,1016.0,25.1225,3.0446715750635645,28.87,21.7,4.260000000000002,28.87,True,False,False,False,False
MX,2025-11-20 20:47:28.661071,27.96,31.13,74,1014,5.14,scattered clouds,40,21.1743,-86.8466,20,3,20,11,0,25.96,21.7,28.87,94.0,1017.0,24.895000000000003,2.683946099806536,27.96,21.7,2.0,28.92,True,False,False,False,False
MX,2025-11-21 02:47:28.613192,25.96,25.96,73,1016,3.6,scattered clouds,40,21.1743,-86.8466,2,4,21,11,0,27.96,25.96,23.96,74.0,1014.0,25.395,2.637593600234888,27.96,21.7,-2.0,25.96,True,False,False,False,False
MX,2025-11-21 08:47:28.602549,25.96,25.96,73,1015,2.06,broken clouds,75,21.1743,-86.8466,8,4,21,11,0,25.96,27.96,21.7,73.0,1016.0,26.46,1.000000000000003,27.96,25.96,0.0,23.92,True,False,False,False,False
MX,2025-11-21 14:47:28.581260,28.87,32.45,70,1017,2.57,scattered clouds,40,21.1743,-86.8466,14,4,21,11,0,25.96,25.96,25.96,73.0,1015.0,27.1875,1.465273012103886,28.87,25.96,2.91,25.96,True,False,False,False,False
MX,2025-11-21 20:47:28.616362,28.92,32.55,70,1014,3.73,light rain,38,21.1743,-86.8466,20,4,21,11,0,28.87,25.96,27.96,70.0,1017.0,27.427500000000002,1.6946459807287155,28.92,25.96,0.05000000000000071,27.96,True,False,False,False,False
MX,2025-11-22 02:47:28.619188,25.96,25.96,78,1016,2.57,few clouds,20,21.1743,-86.8466,2,5,22,11,1,28.92,28.87,25.96,70.0,1014.0,27.427500000000002,1.6946459807287155,28.92,25.96,-2.960000000000001,21.96,True,False,False,False,False
MX,2025-11-22 08:47:28.601847,23.92,24.4,78,1015,2.97,scattered clouds,40,21.1743,-86.8466,8,5,22,11,1,25.96,28.92,25.96,78.0,1016.0,26.9175,2.430642919064831,28.92,23.92,-2.039999999999999,19.96,True,False,False,False,False
MX,2025-11-22 14:47:28.629900,25.96,25.96,73,1018,0.0,clear sky,0,21.1743,-86.8466,14,5,22,11,1,23.92,25.96,28.87,78.0,1015.0,26.190000000000005,2.058446015809018,28.92,23.92,2.039999999999999,28.31,True,False,False,False,False
MX,2025-11-22 20:47:28.579356,27.96,29.96,65,1015,0.0,broken clouds,75,21.1743,-86.8466,20,5,22,11,1,25.96,23.92,28.92,73.0,1018.0,25.95,1.6493635136015432,27.96,23.92,2.0,27.96,True,False,False,False,False
MX,2025-11-23 02:47:28.621862,21.96,22.51,88,1018,0.0,few clouds,20,21.1743,-86.8466,2,6,23,11,1,27.96,25.96,25.96,65.0,1015.0,24.950000000000003,2.587225025646858,27.96,21.96,-6.0,25.03,True,False,False,False,False
MX,2025-11-23 08:47:28.575165,19.96,20.31,88,1016,0.0,clear sky,0,21.1743,-86.8466,8,6,23,11,1,21.96,27.96,23.92,88.0,1018.0,23.96,3.6514837167011183,27.96,19.96,-2.0,23.96,True,False,False,False,False
MX,2025-11-23 14:47:28.585142,28.31,30.3,63,1018,0.89,scattered clouds,40,21.1743,-86.8466,14,6,23,11,1,19.96,21.96,25.96,88.0,1016.0,24.5475,4.22460550426507,28.31,19.96,8.349999999999998,27.76,True,False,False,False,False
MX,2025-11-23 20:47:28.615283,27.96,30.46,69,1015,2.06,broken clouds,75,21.1743,-86.8466,20,6,23,11,1,28.31,19.96,27.96,63.0,1018.0,24.5475,4.22460550426507,28.31,19.96,-0.34999999999999787,27.96,True,False,False,False,False
MX,2025-11-24 02:47:28.553743,25.03,25.63,78,1017,3.28,clear sky,0,21.1743,-86.8466,2,0,24,11,0,27.96,28.31,21.96,69.0,1015.0,25.314999999999998,3.861057713459708,28.31,19.96,-2.9299999999999997,24.96,True,False,False,False,False
MX,2025-11-24 08:47:28.646858,23.96,24.58,83,1015,0.0,few clouds,20,21.1743,-86.8466,8,0,24,11,0,25.03,27.96,19.96,78.0,1017.0,26.315,2.1512244575280093,28.31,23.96,-1.0700000000000003,25.59,True,False,False,False,False
MX,2025-11-24 14:47:28.617108,27.76,30.33,71,1017,3.09,scattered clouds,40,21.1743,-86.8466,14,0,24,11,0,23.96,25.03,28.31,83.0,1015.0,26.177500000000002,1.9929605281256038,27.96,23.96,3.8000000000000007,28.31,True,False,False,False,False
MX,2025-11-24 20:47:28.574030,27.96,29.5,61,1014,4.12,scattered clouds,40,21.1743,-86.8466,20,0,24,11,0,27.76,23.96,27.96,71.0,1017.0,26.177500000000002,1.9929605281256038,27.96,23.96,0.1999999999999993,29.98,True,False,False,False,False
MX,2025-11-25 02:47:28.619367,24.96,25.55,78,1016,2.06,few clouds,20,21.1743,-86.8466,2,1,25,11,0,27.96,27.76,25.03,61.0,1014.0,26.160000000000004,2.006655592438993,27.96,23.96,-3.0,25.96,True,False,False,False,False
MX,2025-11-25 08:47:28.618663,25.59,26.24,78,1014,4.03,clear sky,9,21.1743,-86.8466,8,1,25,11,0,24.96,27.96,23.96,78.0,1016.0,26.5675,1.516649267299466,27.96,24.96,0.629999999999999,23.96,True,False,False,False,False
MX,2025-11-25 14:47:28.603265,28.31,31.13,69,1016,2.57,few clouds,20,21.1743,-86.8466,14,1,25,11,0,25.59,24.96,27.76,78.0,1014.0,26.705,1.6772298590235035,28.31,24.96,2.719999999999999,28.31,True,False,False,False,False
MX,2025-11-25 20:47:28.611424,29.98,33.84,65,1014,5.66,scattered clouds,40,21.1743,-86.8466,20,1,25,11,0,28.31,25.59,27.96,69.0,1016.0,27.21,2.3501631149064224,29.98,24.96,1.6700000000000017,28.96,True,False,False,False,False
MX,2025-11-26 02:47:28.598219,25.96,25.96,83,1016,0.0,few clouds,20,21.1743,-86.8466,2,2,26,11,0,29.98,28.31,24.96,65.0,1014.0,27.459999999999997,2.0671881062609305,29.98,25.59,-4.02,24.96,True,False,False,False,False
MX,2025-11-26 08:47:28.576267,23.96,24.71,88,1015,0.0,few clouds,20,21.1743,-86.8466,8,2,26,11,0,25.96,29.98,25.59,83.0,1016.0,27.052500000000002,2.639992108574063,29.98,23.96,-2.0,21.96,True,False,False,False,False
MX,2025-11-26 14:47:28.625770,28.31,32.38,77,1017,0.0,few clouds,20,21.1743,-86.8466,14,2,26,11,0,23.96,25.96,28.31,88.0,1015.0,27.052500000000002,2.639992108574063,29.98,23.96,4.349999999999998,24.96,True,False,False,False,False
MX,2025-11-26 20:47:28.596853,28.96,32.64,70,1015,3.09,broken clouds,75,21.1743,-86.8466,20,2,26,11,0,28.31,23.96,29.98,77.0,1017.0,26.7975,2.288877090045102,28.96,23.96,0.6500000000000021,23.96,True,False,False,False,False
MX,2025-11-27 02:47:28.593325,24.96,25.81,88,1017,0.0,broken clouds,75,21.1743,-86.8466,2,3,27,11,0,28.96,28.31,25.96,70.0,1015.0,26.5475,2.459124166581808,28.96,23.96,-4.0,21.96,True,False,False,False,False
MX,2025-11-27 08:47:28.657812,21.96,22.67,94,1016,1.54,scattered clouds,40,21.1743,-86.8466,8,3,27,11,0,24.96,28.96,23.96,88.0,1017.0,26.0475,3.2399524173460765,28.96,21.96,-3.0,21.96,True,False,False,False,False
MX,2025-11-27 14:47:28.615653,24.96,25.97,94,1019,0.0,broken clouds,75,21.1743,-86.8466,14,3,27,11,0,21.96,24.96,28.31,94.0,1016.0,25.21,2.872281323269022,28.96,21.96,3.0,24.98,True,False,False,False,False
MX,2025-11-27 20:47:28.664532,23.96,24.71,88,1016,0.0,thunderstorm with light rain,100,21.1743,-86.8466,20,3,27,11,0,24.96,21.96,28.96,94.0,1019.0,23.96,1.4142135623731231,24.96,21.96,-1.0,24.98,True,False,False,False,False
MX,2025-11-28 02:47:28.575225,21.96,22.82,100,1019,0.0,moderate rain,40,21.1743,-86.8466,2,4,28,11,0,23.96,24.96,24.96,88.0,1016.0,23.21,1.500000000000034,24.96,21.96,-2.0,22.96,True,False,False,False,False
MX,2025-11-28 08:47:28.606756,21.96,22.67,94,1017,0.0,light rain,20,21.1743,-86.8466,8,4,28,11,0,21.96,23.96,21.96,100.0,1019.0,23.21,1.500000000000034,24.96,21.96,0.0,21.96,True,False,False,False,False
MX,2025-11-28 14:47:28.561344,24.98,25.36,70,1021,3.09,haze,75,21.1743,-86.8466,14,4,28,11,0,21.96,21.96,24.96,94.0,1017.0,23.215,1.5077908785151324,24.98,21.96,3.0199999999999996,21.96,True,False,False,False,False
MX,2025-11-28 20:47:28.612675,24.98,25.23,65,1018,4.12,broken clouds,75,21.1743,-86.8466,20,4,28,11,0,24.98,21.96,23.96,70.0,1021.0,23.47,1.7435978129526972,24.98,21.96,0.0,26.96,True,False,False,False,False
MX,2025-11-29 02:47:28.639057,22.96,23.09,68,1019,3.09,scattered clouds,40,21.1743,-86.8466,2,5,29,11,1,24.98,24.98,21.96,65.0,1018.0,23.72,1.5111143790814632,24.98,21.96,-2.0199999999999996,21.96,True,False,False,False,False
MX,2025-11-29 08:47:28.594372,21.96,22.12,73,1018,0.0,broken clouds,75,21.1743,-86.8466,8,5,29,11,1,22.96,24.98,21.96,68.0,1019.0,23.72,1.5111143790814632,24.98,21.96,-1.0,20.96,True,False,False,False,False
MX,2025-11-29 14:47:28.617999,21.96,22.51,88,1019,0.0,scattered clouds,40,21.1743,-86.8466,14,5,29,11,1,21.96,22.96,24.98,73.0,1018.0,22.965,1.4236455551389093,24.98,21.96,0.0,23.31,True,False,False,False,False
MX,2025-11-29 20:47:28.568369,26.96,28.71,69,1015,2.57,light rain,75,21.1743,-86.8466,20,5,29,11,1,21.96,21.96,24.98,88.0,1019.0,23.46,2.380476142847636,26.96,21.96,5.0,28.96,True,False,False,False,False
MX,2025-11-30 02:47:28.661015,21.96,22.82,100,1017,0.0,few clouds,20,21.1743,-86.8466,2,6,30,11,1,26.96,21.96,22.96,69.0,1015.0,23.21,2.5000000000000204,26.96,21.96,-5.0,22.96,True,False,False,False,False
MX,2025-11-30 08:47:28.603005,20.96,21.72,100,1015,0.0,few clouds,20,21.1743,-86.8466,8,6,30,11,1,21.96,26.96,21.96,100.0,1017.0,22.96,2.7080128015453404,26.96,20.96,-1.0,21.96,True,False,False,False,False
MX,2025-11-30 14:47:28.610028,23.31,24.15,94,1016,0.45,light rain,40,21.1743,-86.8466,14,6,30,11,1,20.96,21.96,21.96,100.0,1015.0,23.2975,2.6246825204838458,26.96,20.96,2.349999999999998,26.65,True,False,False,False,False
MX,2025-11-30 20:47:28.604745,28.96,32.64,70,1013,0.0,light rain,40,21.1743,-86.8466,20,6,30,11,1,23.31,20.96,26.96,94.0,1016.0,23.7975,3.573834308787518,28.96,20.96,5.650000000000002,28.96,True,False,False,False,False
MX,2025-12-01 02:47:28.573042,22.96,23.77,94,1016,0.0,light rain,20,21.1743,-86.8466,2,0,1,12,0,28.96,23.31,21.96,70.0,1013.0,24.0475,3.434718571683385,28.96,20.96,-6.0,23.96,True,False,False,False,False
MX,2025-12-01 08:47:28.682291,21.96,22.67,94,1015,0.0,few clouds,20,21.1743,-86.8466,8,0,1,12,0,22.96,28.96,20.96,94.0,1016.0,24.2975,3.160531337185792,28.96,21.96,-1.0,21.96,True,False,False,False,False
MX,2025-12-01 14:47:28.570193,26.65,26.65,83,1017,2.06,scattered clouds,40,21.1743,-86.8466,14,0,1,12,0,21.96,22.96,23.31,94.0,1015.0,25.1325,3.2525413141111756,28.96,21.96,4.689999999999998,23.96,True,False,False,False,False
MX,2025-12-01 20:47:28.574366,28.96,31.76,65,1012,3.09,scattered clouds,40,21.1743,-86.8466,20,0,1,12,0,26.65,21.96,28.96,83.0,1017.0,25.1325,3.2525413141111756,28.96,21.96,2.3100000000000023,23.96,True,False,False,False,False
MX,2025-12-02 02:47:28.584293,23.96,24.71,88,1014,0.0,few clouds,20,21.1743,-86.8466,2,1,2,12,0,28.96,26.65,22.96,65.0,1012.0,25.3825,3.062791482727271,28.96,21.96,-5.0,27.76,True,False,False,False,False
MX,2025-12-02 08:47:28.619600,21.96,22.82,100,1013,0.0,few clouds,20,21.1743,-86.8466,8,1,2,12,0,23.96,28.96,21.96,88.0,1014.0,25.3825,3.062791482727271,28.96,21.96,-2.0,22.96,True,False,False,False,False
MX,2025-12-02 14:47:28.616368,23.96,24.87,94,1016,0.0,clear sky,0,21.1743,-86.8466,14,1,2,12,0,21.96,23.96,26.65,100.0,1013.0,24.71,2.98607881119483,28.96,21.96,2.0,21.96,True,False,False,False,False
MX,2025-12-02 14:47:28.616368,23.96,24.87,94,1016,0.0,clear sky,0,21.1743,-86.8466,14,1,2,12,0,23.96,21.96,28.96,94.0,1016.0,23.46,1.0000000000000435,23.96,21.96,0.0,26.09,True,False,False,False,False
MX,2025-12-02 20:47:28.605162,27.76,31.79,82,1013,0.0,broken clouds,75,21.1743,-86.8466,20,1,2,12,0,23.96,23.96,23.96,94.0,1016.0,24.410000000000004,2.424183711410243,27.76,21.96,3.8000000000000007,30.54,True,False,False,False,False
MX,2025-12-03 02:47:28.598331,22.96,23.92,100,1016,0.0,clear sky,0,21.1743,-86.8466,2,2,3,12,0,27.76,23.96,21.96,82.0,1013.0,24.66,2.1197484127446353,27.76,22.96,-4.800000000000001,23.96,True,False,False,False,False
MX,2025-12-03 08:47:28.634853,21.96,22.67,94,1015,0.0,clear sky,0,21.1743,-86.8466,8,2,3,12,0,22.96,27.76,23.96,100.0,1016.0,24.160000000000004,2.5350871122442205,27.76,21.96,-1.0,21.96,True,False,False,False,False
MX,2025-12-03 14:47:28.618373,26.09,26.09,84,1018,0.45,few clouds,20,21.1743,-86.8466,14,2,3,12,0,21.96,22.96,23.96,94.0,1015.0,24.6925,2.6975714386586187,27.76,21.96,4.129999999999999,28.87,True,False,False,False,False
MX,2025-12-03 20:47:28.594903,30.54,34.35,62,1015,0.89,broken clouds,53,21.1743,-86.8466,20,2,3,12,0,26.09,21.96,27.76,84.0,1018.0,25.3875,3.859286419361318,30.54,21.96,4.449999999999999,29.98,True,False,False,False,False
MX,2025-12-04 02:47:28.636345,23.96,24.71,88,1018,0.0,few clouds,20,21.1743,-86.8466,2,3,4,12,0,30.54,26.09,22.96,62.0,1015.0,25.6375,3.677738208917726,30.54,21.96,-6.579999999999998,24.96,True,False,False,False,False
MX,2025-12-04 08:47:28.571814,21.96,22.67,94,1016,0.0,few clouds,20,21.1743,-86.8466,8,3,4,12,0,23.96,30.54,21.96,88.0,1018.0,25.637500000000003,3.677738208917726,30.54,21.96,-2.0,25.96,True,False,False,False,False
MX,2025-12-04 14:47:28.566054,28.87,32.99,73,1018,0.45,few clouds,20,21.1743,-86.8466,14,3,4,12,0,21.96,23.96,26.09,94.0,1016.0,26.332500000000003,4.0368913369902195,30.54,21.96,6.91,28.87,True,False,False,False,False
MX,2025-12-04 20:47:28.730770,29.98,34.06,66,1014,3.6,scattered clouds,40,21.1743,-86.8466,20,3,4,12,0,28.87,21.96,30.54,73.0,1018.0,26.1925,3.8476085646368303,29.98,21.96,1.1099999999999994,29.98,True,False,False,False,False
MX,2025-12-05 02:47:28.569345,24.96,25.81,88,1016,0.0,light rain,20,21.1743,-86.8466,2,4,5,12,0,29.98,28.87,23.96,66.0,1014.0,26.442500000000003,3.6831723192559633,29.98,21.96,-5.02,25.96,True,False,False,False,False
MX,2025-12-05 08:47:28.599230,25.96,25.96,83,1016,2.06,scattered clouds,40,21.1743,-86.8466,8,4,5,12,0,24.96,29.98,21.96,88.0,1016.0,27.4425,2.3690557190577,29.98,24.96,1.0,23.96,True,False,False,False,False
MX,2025-12-05 14:47:28.598400,28.87,32.63,71,1017,3.6,clear sky,0,21.1743,-86.8466,14,4,5,12,0,25.96,24.96,28.87,83.0,1016.0,27.442500000000003,2.3690557190577,29.98,24.96,2.91,24.42,True,False,False,False,False
MX,2025-12-05 20:47:28.622660,29.98,34.52,68,1013,4.12,broken clouds,75,21.1743,-86.8466,20,4,5,12,0,28.87,25.96,29.98,71.0,1017.0,27.442500000000003,2.3690557190577,29.98,24.96,1.1099999999999994,27.96,True,False,False,False,False
MX,2025-12-06 02:47:28.658795,25.96,25.96,89,1015,2.57,moderate rain,75,21.1743,-86.8466,2,5,6,12,1,29.98,28.87,24.96,68.0,1013.0,27.6925,2.0512008677845253,29.98,25.96,-4.02,24.96,True,False,False,False,False
MX,2025-12-06 08:47:28.598826,23.96,24.87,94,1013,0.0,light rain,75,21.1743,-86.8466,8,5,6,12,1,25.96,29.98,25.96,89.0,1015.0,27.192500000000003,2.7417922970203272,29.98,23.96,-2.0,22.96,True,False,False,False,False
MX,2025-12-06 14:47:28.676689,24.42,25.37,94,1016,0.0,light rain,75,21.1743,-86.8466,14,5,6,12,1,23.96,25.96,28.87,94.0,1013.0,26.080000000000002,2.7370543777328753,29.98,23.96,0.46000000000000085,28.87,True,False,False,False,False
MX,2025-12-06 20:47:28.592400,27.96,31.7,78,1012,4.12,few clouds,20,21.1743,-86.8466,20,5,6,12,1,24.42,23.96,29.98,94.0,1016.0,25.575,1.8054270039707268,27.96,23.96,3.539999999999999,29.42,True,False,False,False,False
MX,2025-12-07 02:47:28.647687,24.96,25.97,94,1014,0.0,light rain,20,21.1743,-86.8466,2,6,7,12,1,27.96,24.42,25.96,78.0,1012.0,25.325000000000003,1.8035797736723636,27.96,23.96,-3.0,27.96,True,False,False,False,False
MX,2025-12-07 08:47:28.627429,22.96,23.92,100,1013,0.0,clear sky,0,21.1743,-86.8466,8,6,7,12,1,24.96,27.96,23.96,94.0,1014.0,25.075,2.100690362714139,27.96,22.96,-2.0,24.96,True,False,False,False,False
MX,2025-12-07 14:47:28.614843,28.87,33.77,77,1015,4.63,few clouds,20,21.1743,-86.8466,14,6,7,12,1,22.96,24.96,24.42,100.0,1013.0,26.1875,2.7240334677337144,28.87,22.96,5.91,25.96,True,False,False,False,False
MX,2025-12-07 20:47:28.598100,29.42,34.53,74,1012,3.09,broken clouds,75,21.1743,-86.8466,20,6,7,12,1,28.87,22.96,27.96,77.0,1015.0,26.552500000000002,3.1110274294301377,29.42,22.96,0.5500000000000007,24.42,True,False,False,False,False
MX,2025-12-08 02:47:28.605447,27.96,31.13,74,1015,2.57,broken clouds,75,21.1743,-86.8466,2,0,8,12,0,29.42,28.87,24.96,74.0,1012.0,27.302500000000002,2.9569395777842105,29.42,22.96,-1.4600000000000009,23.92,True,False,False,False,False
MX,2025-12-08 08:47:28.598380,24.96,25.97,94,1013,0.0,moderate rain,75,21.1743,-86.8466,8,0,8,12,0,27.96,29.42,22.96,74.0,1015.0,27.802500000000002,1.9883389214785918,29.42,24.96,-3.0,22.81,True,False,False,False,False
MX,2025-12-08 14:47:28.598169,25.96,25.96,89,1015,0.0,moderate rain,40,21.1743,-86.8466,14,0,8,12,0,24.96,27.96,28.87,94.0,1013.0,27.075000000000003,1.9998916637324815,29.42,24.96,1.0,26.09,True,False,False,False,False
MX,2025-12-08 20:47:28.588723,24.42,25.24,89,1013,2.06,overcast clouds,100,21.1743,-86.8466,20,0,8,12,0,25.96,24.96,29.42,89.0,1015.0,25.825000000000003,1.5597756248896972,27.96,24.42,-1.5399999999999991,27.2,True,False,False,False,False
MX,2025-12-09 02:47:28.647596,23.92,24.82,94,1015,2.06,light rain,98,21.1743,-86.8466,2,1,9,12,0,24.42,25.96,27.96,89.0,1013.0,24.814999999999998,0.8735177922248705,25.96,23.92,-0.5,23.96,True,False,False,False,False
MX,2025-12-09 08:47:28.617102,22.81,23.76,100,1013,1.78,overcast clouds,97,21.1743,-86.8466,8,1,9,12,0,23.92,24.42,24.96,94.0,1015.0,24.2775,1.307985091658195,25.96,22.81,-1.110000000000003,22.96,True,False,False,False,False
MX,2025-12-09 14:47:28.653557,26.09,26.09,85,1015,0.45,broken clouds,75,21.1743,-86.8466,14,1,9,12,0,22.81,23.92,25.96,100.0,1013.0,24.310000000000002,1.3641358681109306,26.09,22.81,3.280000000000001,26.09,True,False,False,False,False
MX,2025-12-09 20:47:28.577216,27.2,30.19,80,1012,0.45,light rain,100,21.1743,-86.8466,20,1,9,12,0,26.09,22.81,24.42,85.0,1015.0,25.005,1.9992081765872733,27.2,22.81,1.1099999999999994,28.31,True,False,False,False,False
MX,2025-12-10 02:47:28.601282,23.96,25.02,100,1015,0.0,haze,100,21.1743,-86.8466,2,2,10,12,0,27.2,26.09,23.92,80.0,1012.0,25.014999999999997,1.9920592360670595,27.2,22.81,-3.2399999999999984,25.96,True,False,False,False,False
MX,2025-12-10 08:47:28.619546,22.96,23.77,94,1013,0.0,haze,75,21.1743,-86.8466,8,2,10,12,0,23.96,27.2,22.81,100.0,1015.0,25.052500000000002,1.93737580247098,27.2,22.96,-1.0,25.96,True,False,False,False,False
MX,2025-12-10 14:47:28.597060,26.09,26.09,86,1015,0.0,scattered clouds,40,21.1743,-86.8466,14,2,10,12,0,22.96,23.96,26.09,94.0,1013.0,25.052500000000002,1.93737580247098,27.2,22.96,3.129999999999999,26.09,True,False,False,False,False
MX,2025-12-10 20:47:28.605798,28.31,32.05,75,1012,3.09,broken clouds,75,21.1743,-86.8466,20,2,10,12,0,26.09,22.96,27.2,86.0,1015.0,25.33,2.3770990723989742,28.31,22.96,2.219999999999999,28.87,True,False,False,False,False
MX,2025-12-11 02:47:28.648389,25.96,25.96,89,1015,1.54,scattered clouds,40,21.1743,-86.8466,2,3,11,12,0,28.31,26.09,23.96,75.0,1012.0,25.830000000000002,2.1963454494531107,28.31,22.96,-2.349999999999998,22.96,True,False,False,False,False
MX,2025-12-11 08:47:28.628144,25.96,25.96,83,1014,1.54,light rain,20,21.1743,-86.8466,8,3,11,12,0,25.96,28.31,22.96,89.0,1015.0,26.58,1.1549603167786198,28.31,25.96,0.0,23.96,True,False,False,False,False
MX,2025-12-11 14:47:28.624809,26.09,26.09,76,1018,1.79,light rain,40,21.1743,-86.8466,14,3,11,12,0,25.96,25.96,26.09,83.0,1014.0,26.58,1.1549603167786198,28.31,25.96,0.129999999999999,27.76,True,False,False,False,False
MX,2025-12-11 20:47:28.591391,28.87,31.12,62,1015,2.57,broken clouds,75,21.1743,-86.8466,20,3,11,12,0,26.09,25.96,28.31,76.0,1018.0,26.720000000000002,1.4346428126889412,28.87,25.96,2.780000000000001,28.87,True,False,False,False,False
MX,2025-12-12 02:47:28.596534,22.96,23.48,83,1017,1.03,few clouds,20,21.1743,-86.8466,2,4,12,12,0,28.87,26.09,25.96,62.0,1015.0,25.97,2.4141665228397264,28.87,22.96,-5.91,25.96,True,False,False,False,False
MX,2025-12-12 08:47:28.605495,23.96,24.32,73,1015,1.54,few clouds,20,21.1743,-86.8466,8,4,12,12,0,22.96,28.87,25.96,83.0,1017.0,25.470000000000002,2.6156324920243286,28.87,22.96,1.0,23.96,True,False,False,False,False
MX,2025-12-12 14:47:28.558217,27.76,29.97,68,1017,2.57,few clouds,20,21.1743,-86.8466,14,4,12,12,0,23.96,22.96,26.09,73.0,1015.0,25.887500000000003,2.8686277207055046,28.87,22.96,3.8000000000000007,24.42,True,False,False,False,False
MX,2025-12-12 20:47:28.606232,28.87,32.45,70,1014,6.17,broken clouds,75,21.1743,-86.8466,20,4,12,12,0,27.76,23.96,28.87,68.0,1017.0,25.8875,2.8686277207055046,28.87,22.96,1.1099999999999994,26.96,True,False,False,False,False
MX,2025-12-13 02:47:28.627039,25.96,25.96,78,1016,2.57,light rain,40,21.1743,-86.8466,2,5,13,12,1,28.87,27.76,22.96,70.0,1014.0,26.637500000000003,2.1503546219170544,28.87,23.96,-2.91,22.96,True,False,False,False,False
MX,2025-12-13 08:47:28.602819,23.96,24.71,88,1015,0.0,heavy intensity rain,75,21.1743,-86.8466,8,5,13,12,1,25.96,28.87,23.96,78.0,1016.0,26.6375,2.1503546219170544,28.87,23.96,-2.0,21.96,True,False,False,False,False
MX,2025-12-13 14:47:28.570895,24.42,25.42,96,1017,1.54,haze,75,21.1743,-86.8466,14,5,13,12,1,23.96,25.96,27.76,88.0,1015.0,25.8025,2.216639724147053,28.87,23.96,0.46000000000000085,23.96,True,False,False,False,False
MX,2025-12-13 20:47:28.573231,26.96,29.12,74,1014,3.6,moderate rain,100,21.1743,-86.8466,20,5,13,12,1,24.42,23.96,28.87,96.0,1017.0,25.325000000000003,1.3854842715335072,26.96,23.96,2.539999999999999,28.31,True,False,False,False,False
MX,2025-12-14 02:47:28.566406,22.96,23.77,94,1016,0.0,clear sky,0,21.1743,-86.8466,2,6,14,12,1,26.96,24.42,25.96,74.0,1014.0,24.575,1.7028114007918644,26.96,22.96,-4.0,22.96,True,False,False,False,False
MX,2025-12-14 08:47:28.606073,21.96,22.82,100,1015,0.0,moderate rain,0,21.1743,-86.8466,8,6,14,12,1,22.96,26.96,23.96,94.0,1016.0,24.075000000000003,2.1724563670340453,26.96,21.96,-1.0,20.96,True,False,False,False,False
MX,2025-12-14 14:47:28.598815,23.96,24.87,94,1018,1.54,scattered clouds,40,21.1743,-86.8466,14,6,14,12,1,21.96,22.96,24.42,100.0,1015.0,23.96,2.1602468994693096,26.96,21.96,2.0,26.65,True,False,False,False,False
MX,2025-12-14 20:47:28.590852,28.31,31.43,71,1016,3.09,light rain,75,21.1743,-86.8466,20,6,14,12,1,23.96,21.96,26.96,94.0,1018.0,24.2975,2.7968360099703298,28.31,21.96,4.349999999999998,27.76,True,False,False,False,False
MX,2025-12-15 02:47:28.598849,22.96,23.77,94,1018,0.0,light rain,20,21.1743,-86.8466,2,0,15,12,0,28.31,23.96,22.96,71.0,1016.0,24.2975,2.7968360099703298,28.31,21.96,-5.349999999999998,21.96,True,False,False,False,False
MX,2025-12-15 08:47:28.565223,20.96,21.57,94,1017,1.54,few clouds,20,21.1743,-86.8466,8,0,15,12,0,22.96,28.31,21.96,94.0,1018.0,24.0475,3.1033248299203375,28.31,20.96,-2.0,20.96,True,False,False,False,False
MX,2025-12-15 14:47:28.591059,26.65,26.65,68,1020,3.13,scattered clouds,40,21.1743,-86.8466,14,0,15,12,0,20.96,22.96,23.96,94.0,1017.0,24.72,3.3589780191798533,28.31,20.96,5.689999999999998,22.96,True,False,False,False,False
MX,2025-12-15 20:47:28.576873,27.76,28.81,57,1017,2.68,scattered clouds,40,21.1743,-86.8466,20,0,15,12,0,26.65,20.96,28.31,68.0,1020.0,24.5825,3.168915429606806,27.76,20.96,1.110000000000003,27.76,True,False,False,False,False
MX,2025-12-16 02:47:28.605109,21.96,22.67,94,1019,0.0,light rain,75,21.1743,-86.8466,2,1,16,12,0,27.76,26.65,22.96,57.0,1017.0,24.332500000000003,3.3724904249925984,27.76,20.96,-5.800000000000001,20.59,True,False,False,False,False
MX,2025-12-16 08:47:28.585771,20.96,21.72,100,1017,1.54,light rain,75,21.1743,-86.8466,8,1,16,12,0,21.96,27.76,20.96,94.0,1019.0,24.3325,3.3724904249925984,27.76,20.96,-1.0,21.45,True,False,False,False,False
MX,2025-12-16 14:47:28.602972,22.96,23.61,88,1019,0.0,scattered clouds,40,21.1743,-86.8466,14,1,16,12,0,20.96,21.96,26.65,100.0,1017.0,23.410000000000004,3.0127506811329035,27.76,20.96,2.0,24.98,True,False,False,False,False
MX,2025-12-16 20:47:28.587920,27.76,29.1,60,1015,2.06,scattered clouds,40,21.1743,-86.8466,20,1,16,12,0,22.96,20.96,27.76,88.0,1019.0,23.410000000000004,3.0127506811329035,27.76,20.96,4.800000000000001,27.96,True,False,False,False,False
MX,2025-12-17 02:47:28.581645,20.59,21.0,88,1017,2.27,clear sky,9,21.1743,-86.8466,2,2,17,12,0,27.76,22.96,21.96,60.0,1015.0,23.0675,3.2970024264474107,27.76,20.59,-7.170000000000002,22.96,True,False,False,False,False
MX,2025-12-17 08:47:28.588986,21.45,22.05,92,1015,0.83,clear sky,6,21.1743,-86.8466,8,2,17,12,0,20.59,27.76,20.96,88.0,1017.0,23.19,3.2002812376414846,27.76,20.59,0.8599999999999994,19.8,True,False,False,False,False
MX,2025-12-17 14:47:28.612694,24.98,25.62,80,1016,0.0,clear sky,0,21.1743,-86.8466,14,2,17,12,0,21.45,20.59,22.96,92.0,1015.0,23.695,3.309405787549598,27.76,20.59,3.530000000000001,25.54,True,False,False,False,False
MX,2025-12-17 20:47:28.616778,27.96,29.5,61,1012,0.0,scattered clouds,40,21.1743,-86.8466,20,2,17,12,0,24.98,21.45,27.76,80.0,1016.0,23.745,3.3917792774098334,27.96,20.59,2.9800000000000004,27.96,True,False,False,False,False
MX,2025-12-18 02:47:28.629307,22.96,23.61,88,1014,0.0,clear sky,0,21.1743,-86.8466,2,3,18,12,0,27.96,24.98,20.59,61.0,1012.0,24.337500000000002,2.814869742397819,27.96,21.45,-5.0,23.96,True,False,False,False,False
MX,2025-12-18 08:47:28.662092,19.8,20.32,95,1012,1.42,broken clouds,58,21.1743,-86.8466,8,3,18,12,0,22.96,27.96,21.45,88.0,1014.0,23.925,3.4322538756139185,27.96,19.8,-3.16,23.92,True,False,False,False,False
MX,2025-12-18 14:47:28.592123,25.54,26.26,81,1014,0.0,scattered clouds,40,21.1743,-86.8466,14,3,18,12,0,19.8,22.96,24.98,95.0,1012.0,24.064999999999998,3.5003761702613376,27.96,19.8,5.739999999999998,26.09,True,False,False,False,False
MX,2025-12-18 20:47:28.614118,27.96,31.13,74,1012,0.0,broken clouds,75,21.1743,-86.8466,20,3,18,12,0,25.54,19.8,27.96,81.0,1014.0,24.065,3.5003761702613376,27.96,19.8,2.4200000000000017,23.87,True,False,False,False,False
MX,2025-12-19 02:47:28.660709,23.96,24.87,94,1015,0.0,light rain,100,21.1743,-86.8466,2,4,19,12,0,27.96,25.54,22.96,74.0,1012.0,24.314999999999998,3.43015548724351,27.96,19.8,-4.0,24.42,True,False,False,False,False
MX,2025-12-19 08:47:28.599274,23.92,24.82,94,1015,0.67,overcast clouds,100,21.1743,-86.8466,8,4,19,12,0,23.96,27.96,19.8,94.0,1015.0,25.345,1.8995701268094176,27.96,23.92,-0.03999999999999915,24.42,True,False,False,False,False
MX,2025-12-19 14:47:28.575868,26.09,26.09,89,1018,0.0,light rain,75,21.1743,-86.8466,14,4,19,12,0,23.92,23.96,25.54,94.0,1015.0,25.4825,1.937909096595283,27.96,23.92,2.169999999999998,24.96,True,False,False,False,False
MX,2025-12-19 20:47:28.576666,23.87,24.64,89,1016,3.27,light rain,96,21.1743,-86.8466,20,4,19,12,0,26.09,23.92,27.96,89.0,1018.0,24.46,1.0872902096497008,26.09,23.87,-2.219999999999999,28.31,True,False,False,False,False
MX,2025-12-20 02:47:28.590263,24.42,25.35,93,1019,0.0,scattered clouds,40,21.1743,-86.8466,2,5,20,12,1,23.87,26.09,23.96,89.0,1016.0,24.575,1.040080125118616,26.09,23.87,0.5500000000000007,25.54,True,False,False,False,False
MX,2025-12-20 08:47:28.604854,24.42,25.27,90,1017,0.0,broken clouds,75,21.1743,-86.8466,8,5,20,12,1,24.42,23.87,23.92,93.0,1019.0,24.7,0.962254297643519,26.09,23.87,0.0,24.98,True,False,False,False,False
MX,2025-12-20 14:47:28.588749,24.96,25.97,94,1019,0.0,light rain,40,21.1743,-86.8466,14,5,20,12,1,24.42,24.42,26.09,90.0,1017.0,24.417500000000004,0.44500000000010276,24.96,23.87,0.5399999999999991,23.96,True,False,False,False,False
MX,2025-12-20 20:47:28.573484,28.31,32.05,75,1016,0.89,light rain,18,21.1743,-86.8466,20,5,20,12,1,24.96,24.42,23.87,94.0,1019.0,25.5275,1.8723848429209413,28.31,24.42,3.349999999999998,28.87,True,False,False,False,False
MX,2025-12-21 02:47:28.606786,25.54,26.32,83,1018,0.0,scattered clouds,40,21.1743,-86.8466,2,6,21,12,1,28.31,24.96,24.42,75.0,1016.0,25.8075,1.7298819805601606,28.31,24.42,-2.7699999999999996,26.09,True,False,False,False,False
MX,2025-12-21 08:47:28.621552,24.98,25.73,84,1017,0.0,few clouds,20,21.1743,-86.8466,8,6,21,12,1,25.54,28.31,24.42,83.0,1018.0,25.947499999999998,1.5977771016843194,28.31,24.96,-0.5599999999999987,24.98,True,False,False,False,False
MX,2025-12-21 14:47:28.595992,23.96,24.71,88,1019,0.0,scattered clouds,40,21.1743,-86.8466,14,6,21,12,1,24.98,25.54,24.96,84.0,1017.0,25.697499999999998,1.8604367766737144,28.31,23.96,-1.0199999999999996,27.2,True,False,False,False,False
MX,2025-12-21 20:47:28.666285,28.87,32.27,69,1017,2.06,scattered clouds,40,21.1743,-86.8466,20,6,21,12,1,23.96,24.98,28.31,88.0,1019.0,25.837500000000002,2.1248431314648655,28.87,23.96,4.91,26.96,True,False,False,False,False
MX,2025-12-22 02:47:28.591491,26.09,26.09,80,1020,0.45,few clouds,20,21.1743,-86.8466,2,0,22,12,0,28.87,23.96,25.54,69.0,1017.0,25.975,2.116955360889804,28.87,23.96,-2.780000000000001,26.09,True,False,False,False,False
MX,2025-12-22 08:47:28.608616,24.98,25.81,87,1018,0.0,few clouds,20,21.1743,-86.8466,8,0,22,12,0,26.09,28.87,24.98,80.0,1020.0,25.975,2.116955360889804,28.87,23.96,-1.1099999999999994,24.98,True,False,False,False,False
MX,2025-12-22 14:47:28.611699,27.2,29.48,73,1020,3.09,light rain,20,21.1743,-86.8466,14,0,22,12,0,24.98,26.09,23.96,87.0,1018.0,26.785,1.659367349323251,28.87,24.98,2.219999999999999,27.2,True,False,False,False,False
MX,2025-12-22 20:47:28.597069,26.96,28.71,69,1017,2.57,scattered clouds,40,21.1743,-86.8466,20,0,22,12,0,27.2,24.98,28.87,73.0,1020.0,26.307499999999997,1.0052984631441924,27.2,24.98,-0.23999999999999844,28.31,True,False,False,False,False
MX,2025-12-23 02:47:28.626017,26.09,26.09,75,1019,0.0,few clouds,20,21.1743,-86.8466,2,1,23,12,0,26.96,27.2,26.09,69.0,1017.0,26.307499999999997,1.0052984631441924,27.2,24.98,-0.870000000000001,26.09,True,False,False,False,False
MX,2025-12-23 08:47:28.586329,24.98,25.52,76,1017,5.34,clear sky,8,21.1743,-86.8466,8,1,23,12,0,26.09,26.96,24.98,75.0,1019.0,26.3075,1.0052984631441924,27.2,24.98,-1.1099999999999994,25.54,True,False,False,False,False
MX,2025-12-23 14:47:28.595513,27.2,29.98,78,1020,2.06,moderate rain,75,21.1743,-86.8466,14,1,23,12,0,24.98,26.09,27.2,76.0,1017.0,26.3075,1.0052984631441924,27.2,24.98,2.219999999999999,27.2,True,False,False,False,False
MX,2025-12-23 20:47:28.626779,28.31,32.38,77,1018,2.57,light rain,75,21.1743,-86.8466,20,1,23,12,0,27.2,24.98,26.96,78.0,1020.0,26.645000000000003,1.4330038380967685,28.31,24.98,1.1099999999999994,27.96,True,False,False,False,False
MX,2025-12-24 02:47:28.564684,26.09,26.09,79,1019,0.45,light rain,100,21.1743,-86.8466,2,2,24,12,0,28.31,27.2,26.09,77.0,1018.0,26.645,1.4330038380967685,28.31,24.98,-2.219999999999999,25.54,True,False,False,False,False
MX,2025-12-24 08:47:28.614797,25.54,26.16,77,1018,2.57,scattered clouds,40,21.1743,-86.8466,8,2,24,12,0,26.09,28.31,24.98,79.0,1019.0,26.785,1.2289426349509036,28.31,25.54,-0.5500000000000007,24.98,True,False,False,False,False
MX,2025-12-24 14:47:28.565583,27.2,29.78,76,1022,2.06,broken clouds,75,21.1743,-86.8466,14,2,24,12,0,25.54,26.09,27.2,77.0,1018.0,26.784999999999997,1.2289426349509036,28.31,25.54,1.6600000000000001,26.65,True,False,False,False,False
MX,2025-12-24 20:47:28.618106,27.96,30.46,69,1019,0.0,broken clouds,75,21.1743,-86.8466,20,2,24,12,0,27.2,25.54,28.31,76.0,1022.0,26.697499999999998,1.0886191559341307,27.96,25.54,0.7600000000000016,26.96,True,False,False,False,False
MX,2025-12-25 02:47:28.648834,25.54,26.06,73,1021,1.79,scattered clouds,40,21.1743,-86.8466,2,3,25,12,0,27.96,27.2,26.09,69.0,1019.0,26.560000000000002,1.2179764639215078,27.96,25.54,-2.4200000000000017,21.96,True,False,False,False,False
MX,2025-12-25 08:47:28.621897,24.98,25.54,77,1019,4.75,light rain,39,21.1743,-86.8466,8,3,25,12,0,25.54,27.96,25.54,73.0,1021.0,26.419999999999998,1.3937957765278022,27.96,24.98,-0.5599999999999987,23.31,True,False,False,False,False
MX,2025-12-25 14:47:28.598155,26.65,26.65,61,1021,2.06,clear sky,0,21.1743,-86.8466,14,3,25,12,0,24.98,25.54,27.2,77.0,1019.0,26.2825,1.3161655164403676,27.96,24.98,1.6699999999999982,27.2,True,False,False,False,False
MX,2025-12-25 20:47:28.588604,26.96,27.82,57,1017,3.09,few clouds,20,21.1743,-86.8466,20,3,25,12,0,26.65,24.98,27.96,61.0,1021.0,26.0325,0.9294935897215255,26.96,24.98,0.3100000000000023,26.96,True,False,False,False,False
MX,2025-12-26 02:47:28.609522,21.96,22.25,78,1019,0.0,scattered clouds,40,21.1743,-86.8466,2,4,26,12,0,26.96,26.65,25.54,57.0,1017.0,25.137500000000003,2.289867172275882,26.96,21.96,-5.0,19.96,True,False,False,False,False
MX,2025-12-26 08:47:28.613962,23.31,23.5,69,1017,2.61,broken clouds,53,21.1743,-86.8466,8,4,26,12,0,21.96,26.96,24.98,78.0,1019.0,24.72,2.473068269714111,26.96,21.96,1.3499999999999979,23.31,True,False,False,False,False
MX,2025-12-26 14:47:28.614398,27.2,28.11,57,1020,0.45,few clouds,20,21.1743,-86.8466,14,4,26,12,0,23.31,21.96,26.65,69.0,1017.0,24.857499999999998,2.6266629653104365,27.2,21.96,3.8900000000000006,23.96,True,False,False,False,False
MX,2025-12-26 20:47:28.594085,26.96,27.82,57,1016,2.57,few clouds,20,21.1743,-86.8466,20,4,26,12,0,27.2,23.31,26.96,57.0,1020.0,24.8575,2.6266629653104365,27.2,21.96,-0.23999999999999844,27.96,True,False,False,False,False
MX,2025-12-27 02:47:28.615368,19.96,20.31,88,1018,0.0,few clouds,20,21.1743,-86.8466,2,5,27,12,1,26.96,27.2,21.96,57.0,1016.0,24.357499999999998,3.429678070412258,27.2,19.96,-7.0,21.96,True,False,False,False,False
MX,2025-12-27 08:47:28.576121,23.31,23.5,69,1016,1.03,scattered clouds,40,21.1743,-86.8466,8,5,27,12,1,19.96,26.96,23.31,88.0,1018.0,24.3575,3.429678070412258,27.2,19.96,3.349999999999998,23.31,True,False,False,False,False
MX,2025-12-27 14:47:28.578061,23.96,24.21,69,1019,0.0,few clouds,20,21.1743,-86.8466,14,5,27,12,1,23.31,19.96,27.2,69.0,1016.0,23.5475,2.8718098242513825,26.96,19.96,0.6500000000000021,27.2,True,False,False,False,False
MX,2025-12-27 20:47:28.587923,27.96,28.49,51,1015,2.57,scattered clouds,40,21.1743,-86.8466,20,5,27,12,1,23.96,23.31,26.96,69.0,1019.0,23.7975,3.282116948962476,27.96,19.96,4.0,25.59,True,False,False,False,False
MX,2025-12-28 02:47:28.601060,21.96,22.25,78,1017,0.0,scattered clouds,40,21.1743,-86.8466,2,6,28,12,1,27.96,23.96,19.96,51.0,1015.0,24.2975,2.5798498018295724,27.96,21.96,-6.0,24.98,True,False,False,False,False
MX,2025-12-28 08:47:28.595271,23.31,23.52,70,1015,3.67,overcast clouds,100,21.1743,-86.8466,8,6,28,12,1,21.96,27.96,23.31,78.0,1017.0,24.2975,2.5798498018295724,27.96,21.96,1.3499999999999979,23.87,True,False,False,False,False
MX,2025-12-28 14:47:28.593289,27.2,28.75,65,1018,4.02,few clouds,21,21.1743,-86.8466,14,6,28,12,1,23.31,21.96,23.96,70.0,1015.0,25.107499999999998,2.924213569491818,27.96,21.96,3.8900000000000006,23.96,True,False,False,False,False
MX,2025-12-28 20:47:28.613442,25.59,25.9,65,1015,3.46,clear sky,2,21.1743,-86.8466,20,6,28,12,1,27.2,23.31,27.96,65.0,1018.0,24.515,2.334159377591873,27.2,21.96,-1.6099999999999994,25.54,True,False,False,False,False
MX,2025-12-29 02:47:28.580149,24.98,25.49,75,1017,0.0,scattered clouds,40,21.1743,-86.8466,2,0,29,12,0,25.59,27.2,21.96,65.0,1015.0,25.269999999999996,1.6075861822413797,27.2,23.31,-0.6099999999999994,21.96,True,False,False,False,False
MX,2025-12-29 08:47:28.611095,23.87,24.38,79,1015,1.03,scattered clouds,40,21.1743,-86.8466,8,0,29,12,0,24.98,25.59,23.31,75.0,1017.0,25.41,1.3896042602122658,27.2,23.87,-1.1099999999999994,21.09,True,False,False,False,False
MX,2025-12-29 14:47:28.601646,23.96,24.58,83,1018,0.0,scattered clouds,40,21.1743,-86.8466,14,0,29,12,0,23.87,24.98,27.2,79.0,1015.0,24.6,0.8300602387779327,25.59,23.87,0.08999999999999986,23.31,True,False,False,False,False
MX,2025-12-29 20:47:28.565543,25.54,26.26,81,1015,3.09,moderate rain,100,21.1743,-86.8466,20,0,29,12,0,23.96,23.87,25.59,83.0,1018.0,24.5875,0.8103240092704139,25.54,23.87,1.5799999999999983,26.96,True,False,False,False,False
MX,2025-12-30 02:47:28.601921,21.96,22.51,88,1018,0.0,scattered clouds,40,21.1743,-86.8466,2,1,30,12,0,25.54,23.96,24.98,81.0,1015.0,23.832500000000003,1.4650910096873673,25.54,21.96,-3.5799999999999983,22.76,True,False,False,False,False
MX,2025-12-30 08:47:28.639552,21.09,21.6,90,1017,1.03,few clouds,20,21.1743,-86.8466,8,1,30,12,0,21.96,25.54,23.87,88.0,1018.0,23.137500000000003,2.002271626594842,25.54,21.09,-0.870000000000001,19.98,True,False,False,False,False
MX,2025-12-30 14:47:28.592555,23.31,24.07,91,1019,1.03,haze,75,21.1743,-86.8466,14,1,30,12,0,21.09,21.96,23.96,90.0,1017.0,22.974999999999998,1.9386335393776948,25.54,21.09,2.219999999999999,22.2,True,False,False,False,False
MX,2025-12-30 20:47:28.623017,26.96,28.71,69,1017,2.57,light rain,40,21.1743,-86.8466,20,1,30,12,0,23.31,21.09,25.54,91.0,1019.0,23.330000000000002,2.5866194153760023,26.96,21.09,3.650000000000002,24.42,True,False,False,False,False
MX,2025-12-31 02:47:28.606396,22.76,23.02,74,1020,2.24,overcast clouds,93,21.1743,-86.8466,2,2,31,12,0,26.96,23.31,21.96,69.0,1017.0,23.53,2.473849901132529,26.96,21.09,-4.199999999999999,18.87,True,False,False,False,False
MX,2025-12-31 08:47:28.626893,19.98,20.07,78,1019,4.29,overcast clouds,99,21.1743,-86.8466,8,2,31,12,0,22.76,26.96,21.09,74.0,1020.0,23.252499999999998,2.8694177690488747,26.96,19.98,-2.780000000000001,15.54,True,False,False,False,False
MX,2025-12-31 14:47:28.652580,22.2,22.33,71,1023,1.34,overcast clouds,97,21.1743,-86.8466,14,2,31,12,0,19.98,22.76,23.31,78.0,1019.0,22.975,2.915310160743351,26.96,19.98,2.219999999999999,20.54,True,False,False,False,False
MX,2025-12-31 20:47:28.613443,24.42,24.2,49,1019,2.68,broken clouds,75,21.1743,-86.8466,20,2,31,12,0,22.2,19.98,26.96,71.0,1023.0,22.34,1.8341210428976846,24.42,19.98,2.2200000000000024,23.96,True,False,False,False,False
MX,2026-01-01 02:47:28.610967,18.87,18.61,69,1021,2.22,clear sky,0,21.1743,-86.8466,2,3,1,1,0,24.42,22.2,22.76,49.0,1019.0,21.3675,2.4612649186952824,24.42,18.87,-5.550000000000001,17.96,True,False,False,False,False
MX,2026-01-01 08:47:28.624423,15.54,15.34,84,1020,2.06,clear sky,0,21.1743,-86.8466,8,3,1,1,0,18.87,24.42,19.98,69.0,1021.0,20.2575,3.885000000000014,24.42,15.54,-3.330000000000002,14.96,True,False,False,False,False
MX,2026-01-01 14:47:28.591429,20.54,20.43,68,1022,2.57,clear sky,0,21.1743,-86.8466,14,3,1,1,0,15.54,18.87,22.2,84.0,1020.0,19.8425,3.692211396981505,24.42,15.54,5.0,23.31,True,False,False,False,False
MX,2026-01-01 20:47:28.601970,23.96,23.8,53,1017,2.57,scattered clouds,40,21.1743,-86.8466,20,3,1,1,0,20.54,15.54,24.42,68.0,1022.0,19.7275,3.504505433486078,23.96,15.54,3.4200000000000017,24.96,True,False,False,False,False
MX,2026-01-02 02:47:28.661776,17.96,17.82,77,1019,2.06,clear sky,0,21.1743,-86.8466,2,4,2,1,0,23.96,20.54,18.87,53.0,1017.0,19.5,3.60677140944642,23.96,15.54,-6.0,21.65,True,False,False,False,False
MX,2026-01-02 08:47:28.594148,14.96,14.97,94,1017,1.03,clear sky,0,21.1743,-86.8466,8,4,2,1,0,17.96,23.96,15.54,77.0,1019.0,19.355,3.8241469637031624,23.96,14.96,-3.0,19.42,True,False,False,False,False
MX,2026-01-02 14:47:28.586899,23.31,23.34,63,1018,2.57,few clouds,20,21.1743,-86.8466,14,4,2,1,0,14.96,17.96,20.54,94.0,1017.0,20.0475,4.327889208378618,23.96,14.96,8.349999999999998,22.2,True,False,False,False,False
MX,2026-01-02 20:47:28.652242,24.96,24.9,53,1014,2.06,scattered clouds,40,21.1743,-86.8466,20,4,2,1,0,23.31,14.96,23.96,63.0,1018.0,20.2975,4.64639196940308,24.96,14.96,1.6500000000000021,25.96,True,False,False,False,False
MX,2026-01-03 02:47:28.626431,21.65,21.72,71,1016,1.54,scattered clouds,40,21.1743,-86.8466,2,5,3,1,1,24.96,23.31,17.96,53.0,1014.0,21.22,4.38665400200807,24.96,14.96,-3.3100000000000023,22.76,True,False,False,False,False
MX,2026-01-03 08:47:28.633755,19.42,19.53,81,1014,1.03,few clouds,20,21.1743,-86.8466,8,5,3,1,1,21.65,24.96,14.96,71.0,1016.0,22.335,2.3669741584281683,24.96,19.42,-2.229999999999997,21.09,True,False,False,False,False
MX,2026-01-03 14:47:28.614718,22.2,22.51,78,1016,0.0,scattered clouds,40,21.1743,-86.8466,14,5,3,1,1,19.42,21.65,23.31,81.0,1014.0,22.0575,2.277957784215226,24.96,19.42,2.7799999999999976,24.42,True,False,False,False,False
MX,2026-01-03 20:47:28.606350,25.96,25.96,61,1013,4.12,scattered clouds,40,21.1743,-86.8466,20,5,3,1,1,22.2,19.42,24.96,78.0,1016.0,22.3075,2.715527879928088,25.96,19.42,3.7600000000000016,25.96,True,False,False,False,False
MX,2026-01-04 02:47:28.608139,22.76,23.0,73,1015,2.06,broken clouds,75,21.1743,-86.8466,2,6,4,1,1,25.96,22.2,21.65,61.0,1013.0,22.585,2.6824553429026046,25.96,19.42,-3.1999999999999993,21.65,True,False,False,False,False
MX,2026-01-04 08:47:28.643528,21.09,21.42,83,1015,0.87,clear sky,5,21.1743,-86.8466,8,6,4,1,1,22.76,25.96,19.42,73.0,1015.0,23.002499999999998,2.0902372273660053,25.96,21.09,-1.6700000000000017,18.31,True,False,False,False,False
MX,2026-01-04 14:47:28.633609,24.42,24.72,69,1018,2.06,clear sky,0,21.1743,-86.8466,14,6,4,1,1,21.09,22.76,22.2,83.0,1015.0,23.5575,2.100831184713973,25.96,21.09,3.330000000000002,23.31,True,False,False,False,False
MX,2026-01-04 20:47:28.601727,25.96,25.96,65,1015,0.0,scattered clouds,40,21.1743,-86.8466,20,6,4,1,1,24.42,21.09,25.96,69.0,1018.0,23.5575,2.100831184713973,25.96,21.09,1.5399999999999991,26.65,True,False,False,False,False
MX,2026-01-05 02:47:28.599103,21.65,22.04,83,1018,1.74,clear sky,0,21.1743,-86.8466,2,0,5,1,0,25.96,24.42,22.76,65.0,1015.0,23.279999999999998,2.304705331851932,25.96,21.09,-4.310000000000002,22.2,True,False,False,False,False
MX,2026-01-05 08:47:28.639139,18.31,18.6,92,1016,1.72,clear sky,0,21.1743,-86.8466,8,0,5,1,0,21.65,25.96,21.09,83.0,1018.0,22.585,3.361929009760132,25.96,18.31,-3.34,19.98,True,False,False,False,False
MX,2026-01-05 14:47:28.585882,23.31,23.86,83,1018,1.54,broken clouds,75,21.1743,-86.8466,14,0,5,1,0,18.31,21.65,24.42,92.0,1016.0,22.3075,3.2019824588318317,25.96,18.31,5.0,23.87,True,False,False,False,False
MX,2026-01-05 20:47:28.603001,26.65,26.65,62,1015,4.63,light rain,100,21.1743,-86.8466,20,0,5,1,0,23.31,18.31,25.96,83.0,1018.0,22.479999999999997,3.4715798516909753,26.65,18.31,3.34,26.96,True,False,False,False,False
MX,2025-11-06 08:47:28.553398,11.59,9.8,38,1019,1.23,clear sky,2,20.6667,-103.3333,8,3,6,11,0,15.87,25.87,25.87,44.0,1019.0,19.8,7.223544836159046,25.87,11.59,-4.279999999999999,8.87,False,True,False,False,False
MX,2025-11-06 14:47:28.582949,8.87,8.87,81,1021,0.0,clear sky,0,20.6667,-103.3333,14,3,6,11,0,11.59,15.87,25.87,38.0,1019.0,15.55,7.458972225894577,25.87,8.87,-2.7200000000000006,8.87,False,True,False,False,False
MX,2025-11-06 20:47:28.566501,25.87,24.88,14,1012,0.0,clear sky,0,20.6667,-103.3333,20,3,6,11,0,8.87,11.59,25.87,81.0,1021.0,15.549999999999999,7.458972225894577,25.87,8.87,17.0,26.87,False,True,False,False,False
MX,2025-11-07 02:47:28.578127,14.87,13.35,36,1016,1.54,clear sky,0,20.6667,-103.3333,2,4,7,11,0,25.87,8.87,15.87,14.0,1012.0,15.299999999999999,7.461429711076381,25.87,8.87,-11.000000000000002,16.1,False,True,False,False,False
MX,2025-11-07 08:47:28.595850,8.87,8.32,66,1019,1.54,clear sky,0,20.6667,-103.3333,8,4,7,11,0,14.87,25.87,11.59,36.0,1016.0,14.620000000000001,8.015609770940701,25.87,8.87,-6.0,12.87,False,True,False,False,False
MX,2025-11-07 14:47:28.604093,8.87,8.87,76,1020,0.0,clear sky,0,20.6667,-103.3333,14,4,7,11,0,8.87,14.87,8.87,66.0,1019.0,14.62,8.015609770940701,25.87,8.87,0.0,11.87,False,True,False,False,False
MX,2025-11-07 20:47:28.597468,26.87,25.92,17,1010,0.0,clear sky,0,20.6667,-103.3333,20,4,7,11,0,8.87,8.87,25.87,76.0,1020.0,14.87,8.485281374238573,26.87,8.87,18.0,24.87,False,True,False,False,False
MX,2025-11-08 02:47:28.585424,16.1,14.63,33,1014,1.36,clear sky,3,20.6667,-103.3333,2,5,8,11,1,26.87,8.87,14.87,17.0,1010.0,15.1775,8.5075393034649,26.87,8.87,-10.77,17.87,False,True,False,False,False
MX,2025-11-08 08:47:28.586218,12.87,12.35,82,1015,0.0,clear sky,0,20.6667,-103.3333,8,5,8,11,1,16.1,26.87,8.87,33.0,1014.0,16.177500000000002,7.717397553579836,26.87,8.87,-3.230000000000002,11.87,False,True,False,False,False
MX,2025-11-08 14:47:28.598705,11.87,11.38,87,1018,0.0,scattered clouds,40,20.6667,-103.3333,14,5,8,11,1,12.87,16.1,8.87,82.0,1015.0,16.9275,6.869732527544288,26.87,11.87,-1.0,17.67,False,True,False,False,False
MX,2025-11-08 20:47:28.600730,24.87,24.07,25,1009,0.0,scattered clouds,40,20.6667,-103.3333,20,5,8,11,1,11.87,12.87,26.87,87.0,1018.0,16.427500000000002,5.910715551719045,24.87,11.87,13.000000000000002,28.21,False,True,False,False,False
MX,2025-11-09 02:47:28.588414,17.87,16.97,48,1014,0.0,broken clouds,75,20.6667,-103.3333,2,6,9,11,1,24.87,11.87,16.1,25.0,1009.0,16.87,5.944184833375672,24.87,11.87,-7.0,17.5,False,True,False,False,False
MX,2025-11-09 08:47:28.592463,11.87,11.1,76,1015,0.0,scattered clouds,40,20.6667,-103.3333,8,6,9,11,1,17.87,24.87,12.87,48.0,1014.0,16.62,6.184658438426494,24.87,11.87,-6.000000000000002,10.24,False,True,False,False,False
MX,2025-11-09 14:47:28.653528,17.67,16.77,49,1018,0.87,scattered clouds,30,20.6667,-103.3333,14,6,9,11,1,11.87,17.87,11.87,76.0,1015.0,18.07,5.319147801418322,24.87,11.87,5.8000000000000025,11.87,False,True,False,False,False
MX,2025-11-09 20:47:28.610853,28.21,26.94,22,1011,1.26,scattered clouds,43,20.6667,-103.3333,20,6,9,11,1,17.67,11.87,24.87,49.0,1018.0,18.905,6.7987915592895405,28.21,11.87,10.54,24.87,False,True,False,False,False
MX,2025-11-10 02:47:28.561429,17.5,16.43,43,1017,1.3,overcast clouds,99,20.6667,-103.3333,2,0,10,11,0,28.21,17.67,17.87,22.0,1011.0,18.8125,6.820050708511388,28.21,11.87,-10.71,18.87,False,True,False,False,False
MX,2025-11-10 08:47:28.630272,10.24,8.78,56,1021,1.84,overcast clouds,100,20.6667,-103.3333,8,0,10,11,0,17.5,28.21,11.87,43.0,1017.0,18.405,7.397398191256167,28.21,10.24,-7.26,12.87,False,True,False,False,False
MX,2025-11-10 14:47:28.630727,11.87,10.97,71,1025,0.0,scattered clouds,40,20.6667,-103.3333,14,0,10,11,0,10.24,17.5,17.67,56.0,1021.0,16.955,8.122407278633595,28.21,10.24,1.629999999999999,10.87,False,True,False,False,False
MX,2025-11-10 20:47:28.629254,24.87,24.35,36,1016,2.57,scattered clouds,40,20.6667,-103.3333,20,0,10,11,0,11.87,10.24,28.21,71.0,1025.0,16.12,6.610693357482758,24.87,10.24,13.000000000000002,21.87,False,True,False,False,False
MX,2025-11-11 02:47:28.633444,18.87,17.99,45,1021,2.06,broken clouds,75,20.6667,-103.3333,2,1,11,11,0,24.87,11.87,17.5,36.0,1016.0,16.4625,6.740244184498561,24.87,10.24,-6.0,15.87,False,True,False,False,False
MX,2025-11-11 08:47:28.588278,12.87,11.83,62,1024,2.57,scattered clouds,40,20.6667,-103.3333,8,1,11,11,0,18.87,24.87,10.24,45.0,1021.0,17.12,6.02079728939615,24.87,11.87,-6.000000000000002,9.87,False,True,False,False,False
MX,2025-11-11 14:47:28.592322,10.87,9.87,71,1025,0.0,scattered clouds,40,20.6667,-103.3333,14,1,11,11,0,12.87,18.87,11.87,62.0,1024.0,16.87,6.32455532033676,24.87,10.87,-2.0,8.87,False,True,False,False,False
MX,2025-11-11 20:47:28.582656,21.87,21.03,35,1016,1.54,few clouds,20,20.6667,-103.3333,20,1,11,11,0,10.87,12.87,24.87,71.0,1025.0,16.119999999999997,5.1234753829798,21.87,10.87,11.000000000000002,24.87,False,True,False,False,False
MX,2025-11-12 02:47:28.627674,15.87,15.05,59,1020,0.0,clear sky,0,20.6667,-103.3333,2,2,12,11,0,21.87,10.87,18.87,35.0,1016.0,15.37,4.79583152331272,21.87,10.87,-6.000000000000002,16.87,False,True,False,False,False
MX,2025-11-12 08:47:28.601525,9.87,9.87,81,1020,0.0,scattered clouds,40,20.6667,-103.3333,8,2,12,11,0,15.87,21.87,12.87,59.0,1020.0,14.620000000000001,5.5,21.87,9.87,-6.0,11.87,False,True,False,False,False
MX,2025-11-12 14:47:28.614792,8.87,8.87,87,1022,0.0,few clouds,20,20.6667,-103.3333,14,2,12,11,0,9.87,15.87,10.87,81.0,1020.0,14.12,6.020797289396148,21.87,8.87,-1.0,9.87,False,True,False,False,False
MX,2025-11-12 20:47:28.615077,24.87,23.91,19,1014,1.54,scattered clouds,40,20.6667,-103.3333,20,2,12,11,0,8.87,9.87,21.87,87.0,1022.0,14.87,7.3484692283495345,24.87,8.87,16.0,25.87,False,True,False,False,False
MX,2025-11-13 02:47:28.551303,16.87,15.71,42,1018,0.0,few clouds,20,20.6667,-103.3333,2,3,13,11,0,24.87,8.87,15.87,19.0,1014.0,15.120000000000001,7.4105780251385704,24.87,8.87,-8.0,16.87,False,True,False,False,False
MX,2025-11-13 08:47:28.570539,11.87,10.97,71,1018,0.0,few clouds,20,20.6667,-103.3333,8,3,13,11,0,16.87,24.87,9.87,42.0,1018.0,15.62,6.994045086119097,24.87,8.87,-5.000000000000002,11.87,False,True,False,False,False
MX,2025-11-13 14:47:28.620716,9.87,9.87,81,1021,0.0,scattered clouds,40,20.6667,-103.3333,14,3,13,11,0,11.87,16.87,8.87,71.0,1018.0,15.87,6.683312551921142,24.87,9.87,-2.0,8.87,False,True,False,False,False
MX,2025-11-13 20:47:28.593381,25.87,24.88,14,1013,0.0,few clouds,20,20.6667,-103.3333,20,3,13,11,0,9.87,11.87,24.87,81.0,1021.0,16.12,7.135591542869217,25.87,9.87,16.0,26.87,False,True,False,False,False
MX,2025-11-14 02:47:28.603724,16.87,15.55,36,1016,0.0,clear sky,0,20.6667,-103.3333,2,4,14,11,0,25.87,9.87,16.87,14.0,1013.0,16.119999999999997,7.135591542869217,25.87,9.87,-9.0,16.87,False,True,False,False,False
MX,2025-11-14 08:47:28.602955,11.87,10.73,62,1017,0.0,few clouds,20,20.6667,-103.3333,8,4,14,11,0,16.87,25.87,11.87,36.0,1016.0,16.12,7.135591542869217,25.87,9.87,-5.000000000000002,11.87,False,True,False,False,False
MX,2025-11-14 14:47:28.562220,8.87,8.87,76,1019,0.0,few clouds,20,20.6667,-103.3333,14,4,14,11,0,11.87,16.87,9.87,62.0,1017.0,15.870000000000001,7.438637868140467,25.87,8.87,-3.0,9.87,False,True,False,False,False
MX,2025-11-14 20:47:28.625213,26.87,25.95,18,1011,2.06,clear sky,0,20.6667,-103.3333,20,4,14,11,0,8.87,11.87,25.87,76.0,1019.0,16.119999999999997,7.8898669190297515,26.87,8.87,18.0,27.87,False,True,False,False,False
MX,2025-11-15 02:47:28.590563,16.87,15.71,42,1015,1.54,clear sky,0,20.6667,-103.3333,2,5,15,11,1,26.87,8.87,16.87,18.0,1011.0,16.12,7.8898669190297515,26.87,8.87,-10.0,19.87,False,True,False,False,False
MX,2025-11-15 08:47:28.600652,11.87,10.63,58,1016,2.57,clear sky,0,20.6667,-103.3333,8,5,15,11,1,16.87,26.87,11.87,42.0,1015.0,16.12,7.8898669190297515,26.87,8.87,-5.000000000000002,12.87,False,True,False,False,False
MX,2025-11-15 14:47:28.604894,9.87,9.87,81,1017,0.0,clear sky,0,20.6667,-103.3333,14,5,15,11,1,11.87,16.87,8.87,58.0,1016.0,16.369999999999997,7.593857166596346,26.87,9.87,-2.0,11.87,False,True,False,False,False
MX,2025-11-15 20:47:28.634487,27.87,26.84,26,1010,1.54,clear sky,0,20.6667,-103.3333,20,5,15,11,1,9.87,11.87,26.87,81.0,1017.0,16.62,8.057087976847882,27.87,9.87,18.0,28.66,False,True,False,False,False
MX,2025-11-16 02:47:28.602476,19.87,19.19,49,1015,0.0,few clouds,20,20.6667,-103.3333,2,6,16,11,1,27.87,9.87,16.87,26.0,1010.0,17.369999999999997,8.225975119502046,27.87,9.87,-8.0,19.87,False,True,False,False,False
MX,2025-11-16 08:47:28.574486,12.87,12.35,82,1016,0.0,few clouds,20,20.6667,-103.3333,8,6,16,11,1,19.87,27.87,11.87,49.0,1015.0,17.62,8.015609770940701,27.87,9.87,-7.000000000000002,13.39,False,True,False,False,False
MX,2025-11-16 14:47:28.579346,11.87,11.57,94,1017,0.0,clear sky,0,20.6667,-103.3333,14,6,16,11,1,12.87,19.87,9.87,82.0,1016.0,18.12,7.410578025138572,27.87,11.87,-1.0,10.87,False,True,False,False,False
MX,2025-11-16 20:47:28.614488,28.66,27.33,24,1009,2.18,clear sky,9,20.6667,-103.3333,20,6,16,11,1,11.87,12.87,27.87,94.0,1017.0,18.3175,7.759361550196428,28.66,11.87,16.79,26.87,False,True,False,False,False
MX,2025-11-17 02:47:28.581391,19.87,19.01,42,1013,2.06,clear sky,0,20.6667,-103.3333,2,0,17,11,0,28.66,11.87,19.87,24.0,1009.0,18.3175,7.759361550196428,28.66,11.87,-8.79,17.32,False,True,False,False,False
MX,2025-11-17 08:47:28.697388,13.39,12.51,66,1014,0.54,clear sky,0,20.6667,-103.3333,8,0,17,11,0,19.87,28.66,12.87,42.0,1013.0,18.4475,7.641127207421693,28.66,11.87,-6.48,13.6,False,True,False,False,False
MX,2025-11-17 14:47:28.611686,10.87,10.15,82,1017,1.54,clear sky,0,20.6667,-103.3333,14,0,17,11,0,13.39,19.87,11.87,66.0,1014.0,18.197499999999998,7.938628659913502,28.66,10.87,-2.5200000000000014,18.84,False,True,False,False,False
MX,2025-11-17 20:47:28.596053,26.87,26.3,29,1009,2.06,clear sky,0,20.6667,-103.3333,20,0,17,11,0,10.87,13.39,28.66,82.0,1017.0,17.75,7.165026168828698,26.87,10.87,16.0,27.87,False,True,False,False,False
MX,2025-11-18 02:47:28.596622,17.32,16.2,42,1015,1.36,scattered clouds,28,20.6667,-103.3333,2,1,18,11,0,26.87,10.87,19.87,29.0,1009.0,17.112499999999997,7.025612072979837,26.87,10.87,-9.55,19.87,False,True,False,False,False
MX,2025-11-18 08:47:28.627097,13.6,12.43,54,1016,0.11,clear sky,2,20.6667,-103.3333,8,1,18,11,0,17.32,26.87,13.39,42.0,1015.0,17.165,6.989213117368797,26.87,10.87,-3.7200000000000006,14.89,False,True,False,False,False
MX,2025-11-18 14:47:28.607383,18.84,17.95,45,1018,0.95,few clouds,16,20.6667,-103.3333,14,1,18,11,0,13.6,17.32,10.87,54.0,1016.0,19.1575,5.593021693741832,26.87,13.6,5.24,12.87,False,True,False,False,False
MX,2025-11-18 20:47:28.580352,27.87,26.92,28,1011,2.06,scattered clouds,40,20.6667,-103.3333,20,1,18,11,0,18.84,13.6,26.87,45.0,1018.0,19.4075,6.05586974210422,27.87,13.6,9.030000000000001,25.87,False,True,False,False,False
MX,2025-11-19 02:47:28.609500,19.87,19.27,52,1016,0.0,overcast clouds,100,20.6667,-103.3333,2,2,19,11,0,27.87,18.84,17.32,28.0,1011.0,20.045,5.894949816014845,27.87,13.6,-8.0,20.87,False,True,False,False,False
MX,2025-11-19 08:47:28.592594,14.89,14.05,62,1017,0.39,clear sky,7,20.6667,-103.3333,8,2,19,11,0,19.87,27.87,13.6,52.0,1016.0,20.3675,5.442771199796429,27.87,14.89,-4.98,13.87,False,True,False,False,False
MX,2025-11-19 14:47:28.629643,12.87,12.35,82,1019,0.0,clear sky,0,20.6667,-103.3333,14,2,19,11,0,14.89,19.87,18.84,62.0,1017.0,18.875,6.679328808595474,27.87,12.87,-2.0200000000000014,12.87,False,True,False,False,False
MX,2025-11-19 20:47:28.601055,25.87,25.58,41,1011,2.57,scattered clouds,40,20.6667,-103.3333,20,2,19,11,0,12.87,14.89,27.87,82.0,1019.0,18.375,5.798284228976714,25.87,12.87,13.000000000000002,25.87,False,True,False,False,False
MX,2025-11-20 02:47:28.601118,20.87,20.58,60,1017,2.06,scattered clouds,40,20.6667,-103.3333,2,3,20,11,0,25.87,12.87,19.87,41.0,1011.0,18.625,5.904808774775586,25.87,12.87,-5.0,18.87,False,True,False,False,False
MX,2025-11-20 08:47:28.658302,13.87,13.61,88,1016,0.0,few clouds,20,20.6667,-103.3333,8,3,20,11,0,20.87,25.87,14.89,60.0,1017.0,18.37,6.137317546507331,25.87,12.87,-7.000000000000002,14.35,False,True,False,False,False
MX,2025-11-20 14:47:28.641278,12.87,12.67,94,1018,0.0,scattered clouds,40,20.6667,-103.3333,14,3,20,11,0,13.87,20.87,12.87,88.0,1016.0,18.37,6.137317546507331,25.87,12.87,-1.0,18.43,False,True,False,False,False
MX,2025-11-20 20:47:28.661071,25.87,25.58,41,1010,4.63,broken clouds,75,20.6667,-103.3333,20,3,20,11,0,12.87,13.87,25.87,94.0,1018.0,18.37,6.137317546507331,25.87,12.87,13.000000000000002,28.55,False,True,False,False,False
MX,2025-11-21 02:47:28.613192,18.87,18.46,63,1016,1.54,few clouds,20,20.6667,-103.3333,2,4,21,11,0,25.87,12.87,20.87,41.0,1010.0,17.869999999999997,5.944184833375677,25.87,12.87,-7.0,18.87,False,True,False,False,False
MX,2025-11-21 08:47:28.602549,14.35,14.19,90,1016,0.94,clear sky,0,20.6667,-103.3333,8,4,21,11,0,18.87,25.87,13.87,63.0,1016.0,17.99,5.840456603154706,25.87,12.87,-4.520000000000001,13.87,False,True,False,False,False
MX,2025-11-21 14:47:28.581260,18.43,18.18,71,1017,0.75,clear sky,4,20.6667,-103.3333,14,4,21,11,0,14.35,18.87,12.87,90.0,1016.0,19.380000000000003,4.781338724666984,25.87,14.35,4.08,11.87,False,True,False,False,False
MX,2025-11-21 20:47:28.616362,28.55,27.46,29,1010,0.45,clear sky,4,20.6667,-103.3333,20,4,21,11,0,18.43,14.35,25.87,71.0,1017.0,20.05,6.020985522874704,28.55,14.35,10.120000000000001,26.87,False,True,False,False,False
MX,2025-11-22 02:47:28.619188,18.87,18.46,63,1014,0.0,broken clouds,75,20.6667,-103.3333,2,5,22,11,1,28.55,18.43,18.87,29.0,1010.0,20.05,6.020985522874704,28.55,14.35,-9.68,17.87,False,True,False,False,False
MX,2025-11-22 08:47:28.601847,13.87,13.45,82,1015,0.0,scattered clouds,40,20.6667,-103.3333,8,5,22,11,1,18.87,28.55,14.35,63.0,1014.0,19.930000000000003,6.175262477552414,28.55,13.87,-5.000000000000002,14.87,False,True,False,False,False
MX,2025-11-22 14:47:28.629900,11.87,11.57,94,1017,0.0,clear sky,0,20.6667,-103.3333,14,5,22,11,1,13.87,18.87,18.43,82.0,1015.0,18.29,7.446627872175886,28.55,11.87,-2.0,12.87,False,True,False,False,False
MX,2025-11-22 20:47:28.579356,26.87,26.72,39,1010,0.0,clear sky,0,20.6667,-103.3333,20,5,22,11,1,11.87,13.87,28.55,94.0,1017.0,17.87,6.683312551921146,26.87,11.87,15.000000000000002,26.87,False,True,False,False,False
MX,2025-11-23 02:47:28.621862,17.87,17.07,52,1015,0.0,scattered clouds,40,20.6667,-103.3333,2,6,23,11,1,26.87,11.87,18.87,39.0,1010.0,17.62,6.652067347825041,26.87,11.87,-9.0,17.87,False,True,False,False,False
MX,2025-11-23 08:47:28.575165,14.87,14.42,77,1017,0.0,few clouds,20,20.6667,-103.3333,8,6,23,11,1,17.87,26.87,13.87,52.0,1015.0,17.87,6.480740698407867,26.87,11.87,-3.0000000000000018,14.07,False,True,False,False,False
MX,2025-11-23 14:47:28.585142,12.87,12.51,88,1019,1.03,few clouds,20,20.6667,-103.3333,14,6,23,11,1,14.87,17.87,11.87,77.0,1017.0,18.119999999999997,6.1846584384264975,26.87,12.87,-2.0,12.87,False,True,False,False,False
MX,2025-11-23 20:47:28.615283,26.87,26.72,39,1011,0.0,clear sky,0,20.6667,-103.3333,20,6,23,11,1,12.87,14.87,26.87,88.0,1019.0,18.12,6.1846584384264975,26.87,12.87,14.000000000000002,25.87,False,True,False,False,False
MX,2025-11-24 02:47:28.553743,17.87,17.25,59,1015,0.0,few clouds,20,20.6667,-103.3333,2,0,24,11,0,26.87,12.87,17.87,39.0,1011.0,18.119999999999997,6.1846584384264975,26.87,12.87,-9.0,17.39,False,True,False,False,False
MX,2025-11-24 08:47:28.646858,14.07,13.41,72,1016,0.75,clear sky,0,20.6667,-103.3333,8,0,24,11,0,17.87,26.87,14.87,59.0,1015.0,17.92,6.335876682301622,26.87,12.87,-3.8000000000000007,14.16,False,True,False,False,False
MX,2025-11-24 14:47:28.617108,12.87,12.51,88,1018,1.54,clear sky,0,20.6667,-103.3333,14,0,24,11,0,14.07,17.87,12.87,72.0,1016.0,17.92,6.335876682301622,26.87,12.87,-1.200000000000001,11.87,False,True,False,False,False
MX,2025-11-24 20:47:28.574030,25.87,25.5,38,1010,2.06,scattered clouds,40,20.6667,-103.3333,20,0,24,11,0,12.87,14.07,26.87,88.0,1018.0,17.67,5.86742419351684,25.87,12.87,13.000000000000002,24.87,False,True,False,False,False
MX,2025-11-25 02:47:28.619367,17.39,16.54,52,1014,1.23,clear sky,2,20.6667,-103.3333,2,1,25,11,0,25.87,12.87,17.87,38.0,1010.0,17.55,5.866878784044097,25.87,12.87,-8.48,21.87,False,True,False,False,False
MX,2025-11-25 08:47:28.618663,14.16,13.54,73,1015,0.29,overcast clouds,100,20.6667,-103.3333,8,1,25,11,0,17.39,25.87,14.07,52.0,1014.0,17.5725,5.84923000630568,25.87,12.87,-3.2300000000000004,12.87,False,True,False,False,False
MX,2025-11-25 14:47:28.603265,11.87,11.38,87,1016,2.06,scattered clouds,40,20.6667,-103.3333,14,1,25,11,0,14.16,17.39,12.87,73.0,1015.0,17.3225,6.131760894446777,25.87,11.87,-2.290000000000001,10.87,False,True,False,False,False
MX,2025-11-25 20:47:28.611424,24.87,24.48,41,1009,2.57,scattered clouds,40,20.6667,-103.3333,20,1,25,11,0,11.87,14.16,25.87,87.0,1016.0,17.072499999999998,5.670110963052964,24.87,11.87,13.000000000000002,25.87,False,True,False,False,False
MX,2025-11-26 02:47:28.598219,21.87,21.39,49,1014,2.06,broken clouds,75,20.6667,-103.3333,2,2,26,11,0,24.87,11.87,17.39,41.0,1009.0,18.1925,6.173817700580418,24.87,11.87,-3.0,17.96,False,True,False,False,False
MX,2025-11-26 08:47:28.576267,12.87,12.35,82,1015,0.0,scattered clouds,40,20.6667,-103.3333,8,2,26,11,0,21.87,24.87,14.16,49.0,1014.0,17.87,6.480740698407867,24.87,11.87,-9.000000000000002,12.87,False,True,False,False,False
MX,2025-11-26 14:47:28.625770,10.87,10.28,87,1018,0.0,haze,20,20.6667,-103.3333,14,2,26,11,0,12.87,21.87,11.87,82.0,1015.0,17.619999999999997,6.800735254367727,24.87,10.87,-2.0,14.52,False,True,False,False,False
MX,2025-11-26 20:47:28.596853,25.87,25.45,36,1011,2.57,few clouds,20,20.6667,-103.3333,20,2,26,11,0,10.87,12.87,24.87,87.0,1018.0,17.87,7.164728420068231,25.87,10.87,15.000000000000002,25.87,False,True,False,False,False
MX,2025-11-27 02:47:28.593325,17.96,16.78,37,1016,0.62,scattered clouds,32,20.6667,-103.3333,2,3,27,11,0,25.87,10.87,21.87,36.0,1011.0,16.8925,6.687951230882797,25.87,10.87,-7.91,19.61,False,True,False,False,False
MX,2025-11-27 08:47:28.657812,12.87,12.2,76,1020,0.0,few clouds,20,20.6667,-103.3333,8,3,27,11,0,17.96,25.87,12.87,37.0,1016.0,16.8925,6.687951230882797,25.87,10.87,-5.090000000000002,15.87,False,True,False,False,False
MX,2025-11-27 14:47:28.615653,14.52,13.59,60,1022,1.8,few clouds,11,20.6667,-103.3333,14,3,27,11,0,12.87,17.96,10.87,76.0,1020.0,17.805,5.779668387257761,25.87,12.87,1.6500000000000004,16.81,False,True,False,False,False
MX,2025-11-27 20:47:28.664532,25.87,25.45,36,1014,3.6,few clouds,20,20.6667,-103.3333,20,3,27,11,0,14.52,12.87,25.87,60.0,1022.0,17.805,5.779668387257761,25.87,12.87,11.350000000000001,27.06,False,True,False,False,False
MX,2025-11-28 02:47:28.575225,19.61,18.7,41,1017,1.08,broken clouds,75,20.6667,-103.3333,2,4,28,11,0,25.87,14.52,17.96,36.0,1014.0,18.2175,5.852836207059509,25.87,12.87,-6.260000000000002,15.87,False,True,False,False,False
MX,2025-11-28 08:47:28.606756,15.87,15.05,59,1020,0.0,scattered clouds,40,20.6667,-103.3333,8,4,28,11,0,19.61,25.87,12.87,41.0,1017.0,18.9675,5.080422390576076,25.87,14.52,-3.74,14.61,False,True,False,False,False
MX,2025-11-28 14:47:28.561344,16.81,16.11,60,1022,1.76,scattered clouds,25,20.6667,-103.3333,14,4,28,11,0,15.87,19.61,14.52,59.0,1020.0,19.54,4.509087121210538,25.87,15.87,0.9399999999999995,9.87,False,True,False,False,False
MX,2025-11-28 20:47:28.612675,27.06,26.38,28,1014,0.51,broken clouds,71,20.6667,-103.3333,20,4,28,11,0,16.81,15.87,25.87,60.0,1022.0,19.8375,5.070275304819919,27.06,15.87,10.25,25.87,False,True,False,False,False
MX,2025-11-29 02:47:28.639057,15.87,15.05,59,1017,1.54,scattered clouds,40,20.6667,-103.3333,2,5,29,11,1,27.06,16.81,19.61,28.0,1014.0,18.9025,5.4563563849880685,27.06,15.87,-11.19,17.87,False,True,False,False,False
MX,2025-11-29 08:47:28.594372,14.61,13.75,62,1017,0.17,overcast clouds,95,20.6667,-103.3333,8,5,29,11,1,15.87,27.06,15.87,59.0,1017.0,18.5875,5.719792391337299,27.06,14.61,-1.2599999999999998,10.87,False,True,False,False,False
MX,2025-11-29 14:47:28.617999,9.87,9.87,87,1018,0.0,scattered clouds,40,20.6667,-103.3333,14,5,29,11,1,14.61,15.87,16.81,62.0,1017.0,16.8525,7.278792825736976,27.06,9.87,-4.74,7.87,False,True,False,False,False
MX,2025-11-29 20:47:28.568369,25.87,25.22,27,1011,0.0,scattered clouds,40,20.6667,-103.3333,20,5,29,11,1,9.87,14.61,27.06,87.0,1018.0,16.555,6.7258382377217565,25.87,9.87,16.0,25.87,False,True,False,False,False
MX,2025-11-30 02:47:28.661015,17.87,16.97,48,1016,2.06,scattered clouds,40,20.6667,-103.3333,2,6,30,11,1,25.87,9.87,15.87,27.0,1011.0,17.055,6.732277970097993,25.87,9.87,-8.0,19.87,False,True,False,False,False
MX,2025-11-30 08:47:28.603005,10.87,9.87,71,1016,0.0,scattered clouds,40,20.6667,-103.3333,8,6,30,11,1,17.87,25.87,14.61,48.0,1016.0,16.12,7.410578025138577,25.87,9.87,-7.000000000000002,12.87,False,True,False,False,False
MX,2025-11-30 14:47:28.610028,7.87,7.17,87,1018,1.54,scattered clouds,40,20.6667,-103.3333,14,6,30,11,1,10.87,17.87,9.87,71.0,1016.0,15.620000000000001,8.015609770940705,25.87,7.87,-2.999999999999999,13.87,False,True,False,False,False
MX,2025-11-30 20:47:28.604745,25.87,25.14,24,1010,3.09,scattered clouds,40,20.6667,-103.3333,20,6,30,11,1,7.87,10.87,25.87,87.0,1018.0,15.62,8.015609770940705,25.87,7.87,18.0,25.59,False,True,False,False,False
MX,2025-12-01 02:47:28.573042,19.87,19.01,42,1015,1.54,overcast clouds,100,20.6667,-103.3333,2,0,1,12,0,25.87,7.87,17.87,24.0,1010.0,16.12,8.26135582092916,25.87,7.87,-6.0,20.87,False,True,False,False,False
MX,2025-12-01 08:47:28.682291,12.87,12.07,71,1016,0.0,few clouds,20,20.6667,-103.3333,8,0,1,12,0,19.87,25.87,10.87,42.0,1015.0,16.62,7.889866919029757,25.87,7.87,-7.000000000000002,13.87,False,True,False,False,False
MX,2025-12-01 14:47:28.570193,13.87,13.19,72,1017,2.06,scattered clouds,40,20.6667,-103.3333,14,0,1,12,0,12.87,19.87,7.87,71.0,1016.0,18.119999999999997,6.020797289396155,25.87,12.87,1.0,17.79,False,True,False,False,False
MX,2025-12-01 20:47:28.574366,25.59,25.01,31,1010,4.25,broken clouds,76,20.6667,-103.3333,20,0,1,12,0,13.87,12.87,25.87,72.0,1017.0,18.05,5.901095943410294,25.59,12.87,11.72,17.79,False,True,False,False,False
MX,2025-12-02 02:47:28.584293,20.87,20.29,49,1016,3.6,broken clouds,75,20.6667,-103.3333,2,1,2,12,0,25.59,13.87,19.87,31.0,1010.0,18.299999999999997,6.023808319216902,25.59,12.87,-4.719999999999999,25.87,False,True,False,False,False
MX,2025-12-02 08:47:28.619600,13.87,13.61,88,1016,3.09,broken clouds,75,20.6667,-103.3333,8,1,2,12,0,20.87,25.59,12.87,49.0,1016.0,18.55,5.73726996633998,25.59,13.87,-7.000000000000002,21.87,False,True,False,False,False
MX,2025-12-02 14:47:28.616368,17.79,17.22,61,1018,0.92,broken clouds,53,20.6667,-103.3333,14,1,2,12,0,13.87,20.87,13.87,88.0,1016.0,19.53,4.95252124343417,25.59,13.87,3.92,13.55,False,True,False,False,False
MX,2025-12-02 14:47:28.616368,17.79,17.22,61,1018,0.92,broken clouds,53,20.6667,-103.3333,14,1,2,12,0,17.79,13.87,25.59,61.0,1018.0,17.58,2.868007438391114,20.87,13.87,0.0,8.87,False,True,False,False,False
MX,2025-12-02 20:47:28.605162,25.87,25.5,38,1009,2.06,scattered clouds,40,20.6667,-103.3333,20,1,2,12,0,17.79,17.79,20.87,61.0,1018.0,18.83,5.0440195611568965,25.87,13.87,8.080000000000002,25.87,False,True,False,False,False
MX,2025-12-03 02:47:28.598331,21.87,21.08,37,1015,2.57,broken clouds,75,20.6667,-103.3333,2,2,3,12,0,25.87,17.79,13.87,38.0,1009.0,20.83,3.8715371624201214,25.87,17.79,-4.0,20.87,False,True,False,False,False
MX,2025-12-03 08:47:28.634853,13.55,13.15,84,1017,0.66,broken clouds,53,20.6667,-103.3333,8,2,3,12,0,21.87,25.87,17.79,37.0,1015.0,19.770000000000003,5.298704244121078,25.87,13.55,-8.32,11.87,False,True,False,False,False
MX,2025-12-03 14:47:28.618373,8.87,8.87,100,1018,0.0,scattered clouds,40,20.6667,-103.3333,14,2,3,12,0,13.55,21.87,17.79,84.0,1017.0,17.54,7.729312172934068,25.87,8.87,-4.6800000000000015,17.52,False,True,False,False,False
MX,2025-12-03 20:47:28.594903,25.87,25.45,36,1011,2.57,few clouds,20,20.6667,-103.3333,20,2,3,12,0,8.87,13.55,25.87,100.0,1018.0,17.54,7.729312172934068,25.87,8.87,17.0,25.87,False,True,False,False,False
MX,2025-12-04 02:47:28.636345,20.87,19.93,35,1017,1.54,scattered clouds,40,20.6667,-103.3333,2,3,4,12,0,25.87,8.87,21.87,36.0,1011.0,17.29,7.556824730004005,25.87,8.87,-5.0,18.38,False,True,False,False,False
MX,2025-12-04 08:47:28.571814,11.87,11.38,87,1018,0.0,scattered clouds,40,20.6667,-103.3333,8,3,4,12,0,20.87,25.87,13.55,35.0,1017.0,16.87,7.874007874011818,25.87,8.87,-9.000000000000002,12.87,False,True,False,False,False
MX,2025-12-04 14:47:28.566054,17.52,17.02,65,1019,0.33,clear sky,0,20.6667,-103.3333,14,3,4,12,0,11.87,20.87,8.87,87.0,1018.0,19.0325,5.879820717221464,25.87,11.87,5.65,10.87,False,True,False,False,False
MX,2025-12-04 20:47:28.730770,25.87,25.4,34,1011,0.0,few clouds,20,20.6667,-103.3333,20,3,4,12,0,17.52,11.87,25.87,65.0,1019.0,19.0325,5.879820717221464,25.87,11.87,8.350000000000001,24.87,False,True,False,False,False
MX,2025-12-05 02:47:28.569345,18.38,17.45,45,1016,1.69,overcast clouds,90,20.6667,-103.3333,2,4,5,12,0,25.87,17.52,20.87,34.0,1011.0,18.409999999999997,5.750831823890065,25.87,11.87,-7.490000000000002,16.46,False,True,False,False,False
MX,2025-12-05 08:47:28.599230,12.87,12.51,88,1017,0.0,clear sky,0,20.6667,-103.3333,8,4,5,12,0,18.38,25.87,11.87,45.0,1016.0,18.66,5.38164163305833,25.87,12.87,-5.51,15.87,False,True,False,False,False
MX,2025-12-05 14:47:28.598400,10.87,10.44,93,1017,0.0,scattered clouds,40,20.6667,-103.3333,14,4,5,12,0,12.87,18.38,17.52,88.0,1017.0,16.9975,6.713545387250075,25.87,10.87,-2.0,14.42,False,True,False,False,False
MX,2025-12-05 20:47:28.622660,24.87,24.4,38,1009,1.54,scattered clouds,40,20.6667,-103.3333,20,4,5,12,0,10.87,12.87,25.87,93.0,1017.0,16.7475,6.277474943531576,24.87,10.87,14.000000000000002,16.37,False,True,False,False,False
MX,2025-12-06 02:47:28.658795,16.46,15.91,67,1015,1.63,broken clouds,55,20.6667,-103.3333,2,5,6,12,1,24.87,10.87,18.38,38.0,1009.0,16.2675,6.183744146281181,24.87,10.87,-8.41,17.87,False,True,False,False,False
MX,2025-12-06 08:47:28.598826,15.87,15.52,77,1016,0.0,scattered clouds,40,20.6667,-103.3333,8,5,6,12,1,16.46,24.87,12.87,67.0,1015.0,17.017500000000002,5.804626746541656,24.87,10.87,-0.5900000000000016,13.87,False,True,False,False,False
MX,2025-12-06 14:47:28.676689,14.42,14.37,94,1019,0.92,moderate rain,100,20.6667,-103.3333,14,5,6,12,1,15.87,16.46,10.87,77.0,1016.0,17.905,4.721782855377131,24.87,14.42,-1.4499999999999993,14.87,False,True,False,False,False
MX,2025-12-06 20:47:28.592400,16.37,16.1,78,1015,0.99,overcast clouds,100,20.6667,-103.3333,20,5,6,12,1,14.42,15.87,24.87,94.0,1019.0,15.780000000000001,0.9430800602282401,16.46,14.42,1.950000000000001,19.87,False,True,False,False,False
MX,2025-12-07 02:47:28.647687,17.87,17.59,72,1017,3.6,overcast clouds,100,20.6667,-103.3333,2,6,7,12,1,16.37,14.42,16.46,78.0,1015.0,16.1325,1.4232445327490628,17.87,14.42,1.5,19.0,False,True,False,False,False
MX,2025-12-07 08:47:28.627429,13.87,13.77,94,1017,0.0,overcast clouds,100,20.6667,-103.3333,8,6,7,12,1,17.87,16.37,15.87,72.0,1017.0,15.6325,1.8372874026673411,17.87,13.87,-4.000000000000002,13.87,False,True,False,False,False
MX,2025-12-07 14:47:28.614843,14.87,15.02,100,1019,2.06,mist,100,20.6667,-103.3333,14,6,7,12,1,13.87,17.87,14.42,94.0,1017.0,15.745000000000001,1.7500000000000298,17.87,13.87,1.0,12.87,False,True,False,False,False
MX,2025-12-07 20:47:28.598100,19.87,19.58,64,1012,2.06,broken clouds,75,20.6667,-103.3333,20,6,7,12,1,14.87,13.87,16.37,100.0,1019.0,16.619999999999997,2.7537852736430684,19.87,13.87,5.000000000000002,24.87,False,True,False,False,False
MX,2025-12-08 02:47:28.605447,19.0,18.5,59,1015,1.29,overcast clouds,100,20.6667,-103.3333,2,0,8,12,0,19.87,14.87,17.87,64.0,1012.0,16.9025,2.973924175227084,19.87,13.87,-0.870000000000001,17.75,False,True,False,False,False
MX,2025-12-08 08:47:28.598380,13.87,13.77,94,1016,0.0,broken clouds,75,20.6667,-103.3333,8,0,8,12,0,19.0,19.87,13.87,59.0,1015.0,16.9025,2.973924175227084,19.87,13.87,-5.130000000000001,13.87,False,True,False,False,False
MX,2025-12-08 14:47:28.598169,12.87,12.82,100,1018,0.0,mist,75,20.6667,-103.3333,14,0,8,12,0,13.87,19.0,14.87,94.0,1016.0,16.4025,3.5431941803971307,19.87,12.87,-1.0,17.24,False,True,False,False,False
MX,2025-12-08 20:47:28.588723,24.87,24.64,47,1012,2.57,broken clouds,75,20.6667,-103.3333,20,0,8,12,0,12.87,13.87,19.87,100.0,1018.0,17.6525,5.510223074734219,24.87,12.87,12.000000000000002,22.87,False,True,False,False,False
MX,2025-12-09 02:47:28.647596,17.75,17.46,72,1016,0.47,light rain,100,20.6667,-103.3333,2,1,9,12,0,24.87,12.87,19.0,47.0,1012.0,17.34,5.443369054791964,24.87,12.87,-7.120000000000001,15.87,False,True,False,False,False
MX,2025-12-09 08:47:28.617102,13.87,13.92,100,1016,0.0,mist,75,20.6667,-103.3333,8,1,9,12,0,17.75,24.87,13.87,72.0,1016.0,17.34,5.443369054791964,24.87,12.87,-3.880000000000001,11.87,False,True,False,False,False
MX,2025-12-09 14:47:28.653557,17.24,17.11,80,1017,1.24,broken clouds,72,20.6667,-103.3333,14,1,9,12,0,13.87,17.75,12.87,100.0,1016.0,18.432499999999997,4.624055759467737,24.87,13.87,3.369999999999999,11.87,False,True,False,False,False
MX,2025-12-09 20:47:28.577216,22.87,22.67,56,1011,1.54,scattered clouds,40,20.6667,-103.3333,20,1,9,12,0,17.24,13.87,24.87,80.0,1017.0,17.9325,3.714641077322737,22.87,13.87,5.630000000000003,26.59,False,True,False,False,False
MX,2025-12-10 02:47:28.601282,15.87,15.81,88,1015,4.63,light rain,100,20.6667,-103.3333,2,2,10,12,0,22.87,17.24,17.75,56.0,1011.0,17.4625,3.8614623741099385,22.87,13.87,-7.000000000000002,18.01,False,True,False,False,False
MX,2025-12-10 08:47:28.619546,11.87,11.72,100,1015,0.0,scattered clouds,40,20.6667,-103.3333,8,2,10,12,0,15.87,22.87,13.87,88.0,1015.0,16.9625,4.5498232566405,22.87,11.87,-4.0,13.87,False,True,False,False,False
MX,2025-12-10 14:47:28.597060,11.87,11.72,100,1018,2.06,scattered clouds,40,20.6667,-103.3333,14,2,10,12,0,11.87,15.87,17.24,100.0,1015.0,15.62,5.188127472091138,22.87,11.87,0.0,10.87,False,True,False,False,False
MX,2025-12-10 20:47:28.605798,26.59,26.59,36,1011,0.56,overcast clouds,94,20.6667,-103.3333,20,2,10,12,0,11.87,11.87,22.87,100.0,1018.0,16.55,6.953867029694108,26.59,11.87,14.72,24.87,False,True,False,False,False
MX,2025-12-11 02:47:28.648389,18.01,17.51,63,1015,0.37,broken clouds,66,20.6667,-103.3333,2,3,11,12,0,26.59,11.87,15.87,36.0,1011.0,17.085,6.966421845778033,26.59,11.87,-8.579999999999998,18.66,False,True,False,False,False
MX,2025-12-11 08:47:28.628144,13.87,13.77,94,1015,1.54,broken clouds,75,20.6667,-103.3333,8,3,11,12,0,18.01,26.59,11.87,63.0,1015.0,17.585,6.525159001894136,26.59,11.87,-4.140000000000002,13.87,False,True,False,False,False
MX,2025-12-11 14:47:28.624809,10.87,10.62,100,1017,0.0,mist,0,20.6667,-103.3333,14,3,11,12,0,13.87,18.01,11.87,94.0,1015.0,17.335,6.829180038628362,26.59,10.87,-3.0,10.87,False,True,False,False,False
MX,2025-12-11 20:47:28.591391,24.87,24.48,41,1011,0.0,scattered clouds,40,20.6667,-103.3333,20,3,11,12,0,10.87,13.87,26.59,100.0,1017.0,16.905,6.063406633238454,24.87,10.87,14.000000000000002,26.87,False,True,False,False,False
MX,2025-12-12 02:47:28.596534,18.66,17.99,54,1015,0.87,scattered clouds,45,20.6667,-103.3333,2,4,12,12,0,24.87,10.87,18.01,41.0,1011.0,17.0675,6.1114121390504685,24.87,10.87,-6.210000000000001,18.23,False,True,False,False,False
MX,2025-12-12 08:47:28.605495,13.87,13.45,82,1015,0.0,broken clouds,75,20.6667,-103.3333,8,4,12,12,0,18.66,24.87,13.87,54.0,1015.0,17.0675,6.1114121390504685,24.87,10.87,-4.790000000000001,11.87,False,True,False,False,False
MX,2025-12-12 14:47:28.558217,10.87,10.62,100,1017,0.0,scattered clouds,40,20.6667,-103.3333,14,4,12,12,0,13.87,18.66,10.87,82.0,1015.0,17.0675,6.1114121390504685,24.87,10.87,-3.0,8.87,False,True,False,False,False
MX,2025-12-12 20:47:28.606232,26.87,26.26,28,1010,4.12,few clouds,20,20.6667,-103.3333,20,4,12,12,0,10.87,13.87,24.87,100.0,1017.0,17.5675,6.982312773477478,26.87,10.87,16.0,26.81,False,True,False,False,False
MX,2025-12-13 02:47:28.627039,18.23,17.47,52,1015,1.4,few clouds,13,20.6667,-103.3333,2,5,13,12,1,26.87,10.87,18.66,28.0,1010.0,17.46,6.963169776282452,26.87,10.87,-8.64,15.87,False,True,False,False,False
MX,2025-12-13 08:47:28.602819,11.87,11.38,87,1016,0.0,scattered clouds,40,20.6667,-103.3333,8,5,13,12,1,18.23,26.87,13.87,52.0,1015.0,16.96,7.366980385476813,26.87,10.87,-6.360000000000001,9.87,False,True,False,False,False
MX,2025-12-13 14:47:28.570895,8.87,8.87,93,1017,0.0,fog,75,20.6667,-103.3333,14,5,13,12,1,11.87,18.23,10.87,87.0,1016.0,16.46,7.961934438313349,26.87,8.87,-3.0,17.47,False,True,False,False,False
MX,2025-12-13 20:47:28.573231,26.81,26.16,26,1011,0.85,overcast clouds,93,20.6667,-103.3333,20,5,13,12,1,8.87,11.87,26.87,93.0,1017.0,16.445,7.935798636558269,26.81,8.87,17.939999999999998,27.24,False,True,False,False,False
MX,2025-12-14 02:47:28.566406,15.87,14.95,55,1015,0.0,few clouds,20,20.6667,-103.3333,2,6,14,12,1,26.81,8.87,18.23,26.0,1011.0,15.854999999999999,7.846075452097062,26.81,8.87,-10.94,18.5,False,True,False,False,False
MX,2025-12-14 08:47:28.606073,9.87,9.87,81,1016,0.0,scattered clouds,40,20.6667,-103.3333,8,6,14,12,1,15.87,26.81,11.87,55.0,1015.0,15.354999999999999,8.238581997730764,26.81,8.87,-6.0,10.87,False,True,False,False,False
MX,2025-12-14 14:47:28.598815,17.47,16.47,46,1020,1.09,broken clouds,83,20.6667,-103.3333,14,6,14,12,1,9.87,15.87,8.87,81.0,1016.0,17.505,7.013099647564317,26.81,9.87,7.6,12.87,False,True,False,False,False
MX,2025-12-14 20:47:28.590852,27.24,26.27,21,1013,1.23,broken clouds,83,20.6667,-103.3333,20,6,14,12,1,17.47,9.87,26.81,46.0,1020.0,17.612499999999997,7.203972862247614,27.24,9.87,9.77,23.87,False,True,False,False,False
MX,2025-12-15 02:47:28.598849,18.5,17.32,35,1017,0.24,few clouds,14,20.6667,-103.3333,2,0,15,12,0,27.24,17.47,15.87,21.0,1013.0,18.27,7.111347739118566,27.24,9.87,-8.739999999999998,15.87,False,True,False,False,False
MX,2025-12-15 08:47:28.565223,10.87,10.15,82,1020,0.0,scattered clouds,40,20.6667,-103.3333,8,0,15,12,0,18.5,27.24,9.87,35.0,1017.0,18.52,6.7246759525397755,27.24,10.87,-7.630000000000001,11.87,False,True,False,False,False
MX,2025-12-15 14:47:28.591059,12.87,12.2,76,1023,2.06,clear sky,0,20.6667,-103.3333,14,0,15,12,0,10.87,18.5,17.47,82.0,1020.0,17.369999999999997,7.3301614352391145,27.24,10.87,2.0,8.87,False,True,False,False,False
MX,2025-12-15 20:47:28.576873,23.87,23.3,38,1015,0.0,clear sky,0,20.6667,-103.3333,20,0,15,12,0,12.87,10.87,27.24,76.0,1023.0,16.5275,5.8648010764787895,23.87,10.87,11.000000000000002,24.87,False,True,False,False,False
MX,2025-12-16 02:47:28.605109,15.87,15.16,63,1017,0.0,few clouds,20,20.6667,-103.3333,2,1,16,12,0,23.87,12.87,18.5,38.0,1015.0,15.870000000000001,5.715476066494093,23.87,10.87,-8.000000000000002,19.98,False,True,False,False,False
MX,2025-12-16 08:47:28.585771,11.87,11.38,87,1017,0.0,scattered clouds,40,20.6667,-103.3333,8,1,16,12,0,15.87,23.87,10.87,63.0,1017.0,16.119999999999997,5.439056290693584,23.87,11.87,-4.0,12.87,False,True,False,False,False
MX,2025-12-16 14:47:28.602972,8.87,8.87,100,1019,0.0,broken clouds,75,20.6667,-103.3333,14,1,16,12,0,11.87,15.87,12.87,87.0,1017.0,15.12,6.500000000000011,23.87,8.87,-3.0,8.87,False,True,False,False,False
MX,2025-12-16 20:47:28.587920,24.87,24.35,36,1011,3.6,scattered clouds,40,20.6667,-103.3333,20,1,16,12,0,8.87,11.87,23.87,100.0,1019.0,15.370000000000001,6.952217871538079,24.87,8.87,16.0,25.87,False,True,False,False,False
MX,2025-12-17 02:47:28.581645,19.98,19.1,41,1015,1.85,overcast clouds,88,20.6667,-103.3333,2,2,17,12,0,24.87,8.87,15.87,36.0,1011.0,16.3975,7.34345683812014,24.87,8.87,-4.890000000000001,16.26,False,True,False,False,False
MX,2025-12-17 08:47:28.588986,12.87,12.35,82,1015,0.0,few clouds,20,20.6667,-103.3333,8,2,17,12,0,19.98,24.87,11.87,41.0,1015.0,16.6475,7.152483834305402,24.87,8.87,-7.110000000000001,8.87,False,True,False,False,False
MX,2025-12-17 14:47:28.612694,8.87,8.87,93,1017,0.0,scattered clouds,40,20.6667,-103.3333,14,2,17,12,0,12.87,19.98,8.87,82.0,1015.0,16.6475,7.152483834305402,24.87,8.87,-4.0,3.87,False,True,False,False,False
MX,2025-12-17 20:47:28.616778,25.87,25.06,21,1009,7.72,few clouds,20,20.6667,-103.3333,20,2,17,12,0,8.87,12.87,24.87,93.0,1017.0,16.8975,7.542525549619754,25.87,8.87,17.0,23.87,False,True,False,False,False
MX,2025-12-18 02:47:28.629307,16.26,14.96,39,1013,1.08,clear sky,2,20.6667,-103.3333,2,3,18,12,0,25.87,8.87,19.98,21.0,1009.0,15.9675,7.2597996987979485,25.87,8.87,-9.61,12.87,False,True,False,False,False
MX,2025-12-18 08:47:28.662092,8.87,8.87,66,1014,0.0,few clouds,20,20.6667,-103.3333,8,3,18,12,0,16.26,25.87,12.87,39.0,1013.0,14.9675,8.060067720972746,25.87,8.87,-7.390000000000002,6.87,False,True,False,False,False
MX,2025-12-18 14:47:28.592123,3.87,3.87,93,1018,0.0,clear sky,0,20.6667,-103.3333,14,3,18,12,0,8.87,16.26,8.87,66.0,1014.0,13.717500000000001,9.56763772655857,25.87,3.87,-4.999999999999999,7.87,False,True,False,False,False
MX,2025-12-18 20:47:28.614118,23.87,22.73,16,1011,3.09,clear sky,0,20.6667,-103.3333,20,3,18,12,0,3.87,8.87,25.87,93.0,1018.0,13.217500000000001,8.737068062761873,23.87,3.87,20.0,23.87,False,True,False,False,False
MX,2025-12-19 02:47:28.660709,12.87,11.52,50,1016,0.0,clear sky,0,20.6667,-103.3333,2,4,19,12,0,23.87,3.87,16.26,16.0,1011.0,12.37,8.504900548115394,23.87,3.87,-11.000000000000002,14.87,False,True,False,False,False
MX,2025-12-19 08:47:28.599274,6.87,6.87,76,1017,0.0,clear sky,0,20.6667,-103.3333,8,4,19,12,0,12.87,23.87,8.87,50.0,1016.0,11.87,8.831760866327857,23.87,3.87,-5.999999999999999,9.87,False,True,False,False,False
MX,2025-12-19 14:47:28.575868,7.87,7.87,81,1021,0.0,clear sky,0,20.6667,-103.3333,14,4,19,12,0,6.87,12.87,3.87,76.0,1017.0,12.870000000000001,7.788880963698626,23.87,6.87,1.0,11.87,False,True,False,False,False
MX,2025-12-19 20:47:28.576666,23.87,22.97,25,1014,2.06,clear sky,0,20.6667,-103.3333,20,4,19,12,0,7.87,6.87,23.87,81.0,1021.0,12.870000000000001,7.788880963698626,23.87,6.87,16.0,26.34,False,True,False,False,False
MX,2025-12-20 02:47:28.590263,14.87,13.74,51,1018,2.06,clear sky,0,20.6667,-103.3333,2,5,20,12,1,23.87,7.87,12.87,25.0,1014.0,13.370000000000001,7.852812659593175,23.87,6.87,-9.000000000000002,12.87,False,True,False,False,False
MX,2025-12-20 08:47:28.604854,9.87,9.87,76,1019,0.0,few clouds,20,20.6667,-103.3333,8,5,20,12,1,14.87,23.87,6.87,51.0,1018.0,14.12,7.135591542869225,23.87,7.87,-5.0,8.87,False,True,False,False,False
MX,2025-12-20 14:47:28.588749,11.87,11.1,76,1021,0.0,clear sky,0,20.6667,-103.3333,14,5,20,12,1,9.87,14.87,7.87,76.0,1019.0,15.12,6.184658438426501,23.87,9.87,2.0,4.87,False,True,False,False,False
MX,2025-12-20 20:47:28.573484,26.34,26.34,20,1014,0.77,clear sky,0,20.6667,-103.3333,20,5,20,12,1,11.87,9.87,23.87,76.0,1021.0,15.7375,7.360948195262172,26.34,9.87,14.47,25.87,False,True,False,False,False
MX,2025-12-21 02:47:28.606786,12.87,11.62,54,1017,0.0,clear sky,0,20.6667,-103.3333,2,6,21,12,1,26.34,11.87,14.87,20.0,1014.0,15.237499999999999,7.506012589917507,26.34,9.87,-13.47,15.87,False,True,False,False,False
MX,2025-12-21 08:47:28.621552,8.87,8.87,76,1018,0.0,clear sky,0,20.6667,-103.3333,8,6,21,12,1,12.87,26.34,9.87,54.0,1017.0,14.9875,7.756839455173316,26.34,8.87,-4.0,8.04,False,True,False,False,False
MX,2025-12-21 14:47:28.595992,4.87,4.87,87,1022,0.0,clear sky,0,20.6667,-103.3333,14,6,21,12,1,8.87,12.87,11.87,76.0,1018.0,13.2375,9.325604091246145,26.34,4.87,-3.999999999999999,8.87,False,True,False,False,False
MX,2025-12-21 20:47:28.666285,25.87,25.01,19,1013,3.09,clear sky,0,20.6667,-103.3333,20,6,21,12,1,4.87,8.87,26.34,87.0,1022.0,13.120000000000001,9.105858919765167,25.87,4.87,21.0,22.87,False,True,False,False,False
MX,2025-12-22 02:47:28.591491,15.87,14.22,27,1017,1.54,clear sky,0,20.6667,-103.3333,2,0,22,12,0,25.87,4.87,12.87,19.0,1013.0,13.870000000000001,9.201449161228183,25.87,4.87,-10.000000000000002,16.37,False,True,False,False,False
MX,2025-12-22 08:47:28.608616,8.04,7.19,36,1020,1.71,clear sky,0,20.6667,-103.3333,8,0,22,12,0,15.87,25.87,8.87,27.0,1017.0,13.6625,9.359784096512776,25.87,4.87,-7.83,13.58,False,True,False,False,False
MX,2025-12-22 14:47:28.611699,8.87,8.87,61,1022,0.0,clear sky,0,20.6667,-103.3333,14,0,22,12,0,8.04,15.87,4.87,36.0,1020.0,14.6625,8.255839852290427,25.87,8.04,0.8300000000000001,14.87,False,True,False,False,False
MX,2025-12-22 20:47:28.597069,22.87,22.02,31,1015,0.0,clear sky,0,20.6667,-103.3333,20,0,22,12,0,8.87,8.04,25.87,61.0,1022.0,13.912500000000001,6.92776238526314,22.87,8.04,14.000000000000002,23.87,False,True,False,False,False
MX,2025-12-23 02:47:28.626017,16.37,14.98,35,1018,0.26,clear sky,7,20.6667,-103.3333,2,1,23,12,0,22.87,8.87,15.87,31.0,1015.0,14.0375,6.9791755721336335,22.87,8.04,-6.5,17.87,False,True,False,False,False
MX,2025-12-23 08:47:28.586329,13.58,12.43,55,1019,1.14,clear sky,1,20.6667,-103.3333,8,1,23,12,0,16.37,22.87,8.04,35.0,1018.0,15.4225,5.850728587107773,22.87,8.87,-2.790000000000001,11.87,False,True,False,False,False
MX,2025-12-23 14:47:28.595513,14.87,14.29,72,1021,0.0,scattered clouds,40,20.6667,-103.3333,14,1,23,12,0,13.58,16.37,8.87,55.0,1019.0,16.9225,4.125654493531915,22.87,13.58,1.2899999999999991,12.87,False,True,False,False,False
MX,2025-12-23 20:47:28.626779,23.87,23.38,41,1015,3.09,few clouds,20,20.6667,-103.3333,20,1,23,12,0,14.87,13.58,22.87,72.0,1021.0,17.1725,4.608256177774851,23.87,13.58,9.000000000000002,24.87,False,True,False,False,False
MX,2025-12-24 02:47:28.564684,17.87,17.25,59,1018,0.0,few clouds,20,20.6667,-103.3333,2,2,24,12,0,23.87,14.87,16.37,41.0,1015.0,17.5475,4.582141966373376,23.87,13.58,-6.0,17.87,False,True,False,False,False
MX,2025-12-24 08:47:28.614797,11.87,11.25,82,1019,0.0,few clouds,20,20.6667,-103.3333,8,2,24,12,0,17.87,23.87,13.58,59.0,1018.0,17.12,5.123475382979806,23.87,11.87,-6.000000000000002,15.24,False,True,False,False,False
MX,2025-12-24 14:47:28.565583,12.87,12.2,76,1022,0.0,clear sky,0,20.6667,-103.3333,14,2,24,12,0,11.87,17.87,14.87,82.0,1019.0,16.619999999999997,5.500000000000008,23.87,11.87,1.0,8.87,False,True,False,False,False
MX,2025-12-24 20:47:28.618106,24.87,24.35,36,1016,3.09,clear sky,0,20.6667,-103.3333,20,2,24,12,0,12.87,11.87,23.87,76.0,1022.0,16.87,5.944184833375676,24.87,11.87,12.000000000000002,25.87,False,True,False,False,False
MX,2025-12-25 02:47:28.648834,17.87,17.07,52,1019,1.54,clear sky,0,20.6667,-103.3333,2,3,25,12,0,24.87,12.87,17.87,36.0,1016.0,16.869999999999997,5.944184833375676,24.87,11.87,-7.0,17.87,False,True,False,False,False
MX,2025-12-25 08:47:28.621897,15.24,14.2,53,1020,1.08,clear sky,5,20.6667,-103.3333,8,3,25,12,0,17.87,24.87,11.87,52.0,1019.0,17.7125,5.190301050998879,24.87,12.87,-2.630000000000001,10.87,False,True,False,False,False
MX,2025-12-25 14:47:28.598155,8.87,8.87,93,1022,0.0,mist,0,20.6667,-103.3333,14,3,25,12,0,15.24,17.87,12.87,53.0,1020.0,16.7125,6.622126420820838,24.87,8.87,-6.370000000000001,11.87,False,True,False,False,False
MX,2025-12-25 20:47:28.588604,25.87,25.5,38,1014,4.12,few clouds,20,20.6667,-103.3333,20,3,25,12,0,8.87,15.24,24.87,93.0,1022.0,16.9625,7.0385290840250665,25.87,8.87,17.0,26.62,False,True,False,False,False
MX,2025-12-26 02:47:28.609522,17.87,16.97,48,1016,0.0,clear sky,0,20.6667,-103.3333,2,4,26,12,0,25.87,8.87,17.87,38.0,1014.0,16.9625,7.0385290840250665,25.87,8.87,-8.0,15.87,False,True,False,False,False
MX,2025-12-26 08:47:28.613962,10.87,10.0,76,1018,0.0,few clouds,20,20.6667,-103.3333,8,4,26,12,0,17.87,25.87,15.24,48.0,1016.0,15.87,7.702813338860902,25.87,8.87,-7.000000000000002,9.87,False,True,False,False,False
MX,2025-12-26 14:47:28.614398,11.87,11.1,76,1020,0.0,clear sky,0,20.6667,-103.3333,14,4,26,12,0,10.87,17.87,8.87,76.0,1018.0,16.62,6.898067362191632,25.87,10.87,1.0,5.87,False,True,False,False,False
MX,2025-12-26 20:47:28.594085,26.62,26.62,18,1011,2.38,clear sky,9,20.6667,-103.3333,20,4,26,12,0,11.87,10.87,25.87,76.0,1020.0,16.807499999999997,7.235258000467807,26.62,10.87,14.750000000000002,25.87,False,True,False,False,False
MX,2025-12-27 02:47:28.615368,15.87,14.58,41,1014,0.0,clear sky,0,20.6667,-103.3333,2,5,27,12,1,26.62,11.87,17.87,18.0,1011.0,16.3075,7.206406293477127,26.62,10.87,-10.750000000000002,16.87,False,True,False,False,False
MX,2025-12-27 08:47:28.576121,9.87,9.87,71,1016,0.0,clear sky,0,20.6667,-103.3333,8,5,27,12,1,15.87,26.62,10.87,41.0,1014.0,16.0575,7.470427810150283,26.62,9.87,-6.0,10.87,False,True,False,False,False
MX,2025-12-27 14:47:28.578061,5.87,5.87,87,1019,0.0,clear sky,0,20.6667,-103.3333,14,5,27,12,1,9.87,15.87,11.87,71.0,1016.0,14.5575,9.03090757713015,26.62,5.87,-3.999999999999999,8.87,False,True,False,False,False
MX,2025-12-27 20:47:28.587923,25.87,25.22,27,1009,2.57,clear sky,0,20.6667,-103.3333,20,5,27,12,1,5.87,9.87,26.62,87.0,1019.0,14.370000000000001,8.698658900466597,25.87,5.87,20.0,26.88,False,True,False,False,False
MX,2025-12-28 02:47:28.601060,16.87,15.79,45,1013,0.0,clear sky,0,20.6667,-103.3333,2,6,28,12,1,25.87,5.87,15.87,27.0,1009.0,14.620000000000001,8.77021474461525,25.87,5.87,-9.0,16.87,False,True,False,False,False
MX,2025-12-28 08:47:28.595271,10.87,10.15,82,1014,0.0,few clouds,20,20.6667,-103.3333,8,6,28,12,1,16.87,25.87,9.87,45.0,1013.0,14.87,8.602325267042632,25.87,5.87,-6.000000000000002,12.87,False,True,False,False,False
MX,2025-12-28 14:47:28.593289,8.87,8.87,93,1019,0.0,clear sky,0,20.6667,-103.3333,14,6,28,12,1,10.87,16.87,5.87,82.0,1014.0,15.620000000000001,7.63216876123688,25.87,8.87,-2.0,14.01,False,True,False,False,False
MX,2025-12-28 20:47:28.613442,26.88,26.2,26,1010,1.04,few clouds,13,20.6667,-103.3333,20,6,28,12,1,8.87,10.87,25.87,93.0,1019.0,15.872499999999999,8.087440365570972,26.88,8.87,18.009999999999998,24.87,False,True,False,False,False
MX,2025-12-29 02:47:28.580149,16.87,15.94,51,1014,0.0,clear sky,0,20.6667,-103.3333,2,0,29,12,0,26.88,8.87,16.87,26.0,1010.0,15.872499999999999,8.087440365570972,26.88,8.87,-10.009999999999998,17.87,False,True,False,False,False
MX,2025-12-29 08:47:28.611095,12.87,12.35,82,1016,2.06,clear sky,0,20.6667,-103.3333,8,0,29,12,0,16.87,26.88,10.87,51.0,1014.0,16.3725,7.7289515244091636,26.88,8.87,-4.000000000000002,15.87,False,True,False,False,False
MX,2025-12-29 14:47:28.601646,14.01,13.11,63,1018,0.54,broken clouds,72,20.6667,-103.3333,14,0,29,12,0,12.87,16.87,8.87,82.0,1016.0,17.6575,6.374403893698614,26.88,12.87,1.1400000000000006,14.66,False,True,False,False,False
MX,2025-12-29 20:47:28.565543,24.87,24.35,36,1011,4.63,overcast clouds,100,20.6667,-103.3333,20,0,29,12,0,14.01,12.87,26.88,63.0,1018.0,17.155,5.411552457474663,24.87,12.87,10.860000000000001,22.87,False,True,False,False,False
MX,2025-12-30 02:47:28.601921,17.87,16.73,39,1016,1.03,broken clouds,75,20.6667,-103.3333,2,1,30,12,0,24.87,14.01,16.87,36.0,1011.0,17.405,5.4170933165305595,24.87,12.87,-7.0,15.87,False,True,False,False,False
MX,2025-12-30 08:47:28.639552,15.87,14.84,51,1020,4.12,clear sky,0,20.6667,-103.3333,8,1,30,12,0,17.87,24.87,12.87,39.0,1016.0,18.155,4.746040454947687,24.87,14.01,-2.0000000000000018,14.06,False,True,False,False,False
MX,2025-12-30 14:47:28.592555,14.66,13.88,65,1022,2.32,scattered clouds,25,20.6667,-103.3333,14,1,30,12,0,15.87,17.87,14.01,51.0,1020.0,18.3175,4.5644669276196295,24.87,14.66,-1.209999999999999,11.87,False,True,False,False,False
MX,2025-12-30 20:47:28.623017,22.87,22.13,35,1014,4.63,broken clouds,75,20.6667,-103.3333,20,1,30,12,0,14.66,15.87,24.87,65.0,1022.0,17.8175,3.6190733160115327,22.87,14.66,8.21,22.87,False,True,False,False,False
MX,2025-12-31 02:47:28.606396,15.87,15.05,59,1017,0.0,scattered clouds,40,20.6667,-103.3333,2,2,31,12,0,22.87,14.66,17.87,35.0,1014.0,17.3175,3.7453560133406167,22.87,14.66,-7.000000000000002,17.37,False,True,False,False,False
MX,2025-12-31 08:47:28.626893,14.06,13.06,59,1020,1.49,overcast clouds,99,20.6667,-103.3333,8,2,31,12,0,15.87,22.87,15.87,59.0,1017.0,16.865000000000002,4.073495632336767,22.87,14.06,-1.8099999999999987,14.16,False,True,False,False,False
MX,2025-12-31 14:47:28.652580,11.87,10.84,66,1023,0.0,broken clouds,75,20.6667,-103.3333,14,2,31,12,0,14.06,15.87,14.66,59.0,1020.0,16.1675,4.7582235830892525,22.87,11.87,-2.1900000000000013,15.75,False,True,False,False,False
MX,2025-12-31 20:47:28.613443,22.87,22.13,35,1015,3.09,broken clouds,75,20.6667,-103.3333,20,2,31,12,0,11.87,14.06,22.87,66.0,1023.0,16.1675,4.7582235830892525,22.87,11.87,11.000000000000002,24.17,False,True,False,False,False
MX,2026-01-01 02:47:28.610967,17.37,16.34,45,1018,0.49,overcast clouds,100,20.6667,-103.3333,2,3,1,1,0,22.87,11.87,15.87,35.0,1015.0,16.5425,4.785989100140819,22.87,11.87,-5.5,17.22,False,True,False,False,False
MX,2026-01-01 08:47:28.624423,14.16,13.12,57,1019,1.0,overcast clouds,100,20.6667,-103.3333,8,3,1,1,0,17.37,22.87,14.06,45.0,1018.0,16.567500000000003,4.768929824045089,22.87,11.87,-3.210000000000001,10.87,False,True,False,False,False
MX,2026-01-01 14:47:28.591429,15.75,14.87,57,1021,0.4,broken clouds,57,20.6667,-103.3333,14,3,1,1,0,14.16,17.37,11.87,57.0,1019.0,17.5375,3.7888553680498345,22.87,14.16,1.5899999999999999,6.87,False,True,False,False,False
MX,2026-01-01 20:47:28.601970,24.17,23.43,30,1014,2.37,overcast clouds,92,20.6667,-103.3333,20,3,1,1,0,15.75,14.16,22.87,57.0,1021.0,17.8625,4.4044778351128135,24.17,14.16,8.420000000000002,25.87,False,True,False,False,False
MX,2026-01-02 02:47:28.661776,17.22,16.22,47,1016,0.59,overcast clouds,98,20.6667,-103.3333,2,4,2,1,0,24.17,15.75,17.37,30.0,1014.0,17.825,4.410702891830287,24.17,14.16,-6.950000000000003,15.87,False,True,False,False,False
MX,2026-01-02 08:47:28.594148,10.87,10.0,76,1016,1.54,clear sky,0,20.6667,-103.3333,8,4,2,1,0,17.22,24.17,14.16,47.0,1016.0,17.0025,5.495351823738561,24.17,10.87,-6.35,11.87,False,True,False,False,False
MX,2026-01-02 14:47:28.586899,6.87,6.87,93,1017,0.0,scattered clouds,40,20.6667,-103.3333,14,4,2,1,0,10.87,17.22,15.75,76.0,1016.0,14.7825,7.571478829572644,24.17,6.87,-3.999999999999999,7.87,False,True,False,False,False
MX,2026-01-02 20:47:28.652242,25.87,25.22,27,1010,0.0,scattered clouds,40,20.6667,-103.3333,20,4,2,1,0,6.87,10.87,24.17,93.0,1017.0,15.2075,8.287880207467612,25.87,6.87,19.0,25.87,False,True,False,False,False
MX,2026-01-03 02:47:28.626431,15.87,14.77,48,1014,1.54,clear sky,0,20.6667,-103.3333,2,5,3,1,1,25.87,6.87,17.22,27.0,1010.0,14.87,8.205689083394118,25.87,6.87,-10.000000000000002,15.87,False,True,False,False,False
MX,2026-01-03 08:47:28.633755,11.87,11.1,76,1015,1.54,clear sky,0,20.6667,-103.3333,8,5,3,1,1,15.87,25.87,10.87,48.0,1014.0,15.120000000000001,8.057087976847884,25.87,6.87,-4.0,9.87,False,True,False,False,False
MX,2026-01-03 14:47:28.614718,7.87,7.87,93,1017,0.0,few clouds,20,20.6667,-103.3333,14,5,3,1,1,11.87,15.87,6.87,76.0,1015.0,15.37,7.724420150837649,25.87,7.87,-3.999999999999999,17.18,False,True,False,False,False
MX,2026-01-03 20:47:28.606350,25.87,25.22,27,1010,0.0,scattered clouds,40,20.6667,-103.3333,20,5,3,1,1,7.87,11.87,25.87,93.0,1017.0,15.370000000000001,7.72442015083765,25.87,7.87,18.0,27.87,False,True,False,False,False
MX,2026-01-04 02:47:28.608139,15.87,14.66,44,1013,1.54,clear sky,0,20.6667,-103.3333,2,6,4,1,1,25.87,7.87,15.87,27.0,1010.0,15.370000000000001,7.72442015083765,25.87,7.87,-10.000000000000002,19.87,False,True,False,False,False
MX,2026-01-04 08:47:28.643528,9.87,9.87,71,1016,0.0,clear sky,0,20.6667,-103.3333,8,6,4,1,1,15.87,25.87,11.87,44.0,1013.0,14.87,8.082903768654766,25.87,7.87,-6.0,13.87,False,True,False,False,False
MX,2026-01-04 14:47:28.633609,17.18,16.1,44,1019,0.6,few clouds,15,20.6667,-103.3333,14,6,4,1,1,9.87,15.87,7.87,71.0,1016.0,17.197499999999998,6.5996736030402845,25.87,9.87,7.3100000000000005,10.87,False,True,False,False,False
MX,2026-01-04 20:47:28.601727,27.87,26.77,24,1011,2.06,few clouds,20,20.6667,-103.3333,20,6,4,1,1,17.18,9.87,25.87,44.0,1019.0,17.697499999999998,7.491263244607017,27.87,9.87,10.690000000000001,25.87,False,True,False,False,False
MX,2026-01-05 02:47:28.599103,19.87,19.09,45,1014,0.0,few clouds,20,20.6667,-103.3333,2,0,5,1,0,27.87,17.18,15.87,24.0,1011.0,18.697499999999998,7.432744558147193,27.87,9.87,-8.0,19.87,False,True,False,False,False
MX,2026-01-05 08:47:28.639139,13.87,13.06,67,1016,0.0,clear sky,0,20.6667,-103.3333,8,0,5,1,0,19.87,27.87,9.87,45.0,1014.0,19.697499999999998,5.975423973800243,27.87,13.87,-6.000000000000002,14.34,False,True,False,False,False
MX,2026-01-05 14:47:28.585882,10.87,10.28,87,1018,0.0,broken clouds,75,20.6667,-103.3333,14,0,5,1,0,13.87,19.87,17.18,67.0,1016.0,18.12,7.500000000000003,27.87,10.87,-3.0,8.87,False,True,False,False,False
MX,2026-01-05 20:47:28.603001,25.87,25.27,29,1011,0.0,scattered clouds,40,20.6667,-103.3333,20,0,5,1,0,10.87,13.87,27.87,87.0,1018.0,17.619999999999997,6.652067347825038,25.87,10.87,15.000000000000002,25.87,False,True,False,False,False
MX,2025-11-06 08:47:28.553398,10.53,9.26,62,1019,2.57,clear sky,0,19.4285,-99.1277,8,3,6,11,0,17.75,22.75,20.53,36.0,1020.0,17.89,5.315963380862087,22.75,10.53,-7.220000000000001,9.96,False,False,True,False,False
MX,2025-11-06 14:47:28.582949,9.96,8.73,57,1022,2.57,clear sky,0,19.4285,-99.1277,14,3,6,11,0,10.53,17.75,20.53,62.0,1019.0,15.2475,6.13086385974005,22.75,9.96,-0.5699999999999985,11.96,False,False,True,False,False
MX,2025-11-06 20:47:28.566501,21.64,20.23,14,1013,2.06,scattered clouds,40,19.4285,-99.1277,20,3,6,11,0,9.96,10.53,22.75,57.0,1022.0,14.97,5.687149256584241,21.64,9.96,11.68,23.86,False,False,True,False,False
MX,2025-11-07 02:47:28.578127,15.53,14.39,48,1017,5.14,broken clouds,75,19.4285,-99.1277,2,4,7,11,0,21.64,9.96,17.75,14.0,1013.0,14.415000000000001,5.427832593832154,21.64,9.96,-6.110000000000001,17.75,False,False,True,False,False
MX,2025-11-07 08:47:28.595850,9.96,9.1,62,1017,2.06,clear sky,0,19.4285,-99.1277,8,4,7,11,0,15.53,21.64,10.53,48.0,1017.0,14.2725,5.56946062618874,21.64,9.96,-5.5699999999999985,10.96,False,False,True,False,False
MX,2025-11-07 14:47:28.604093,11.96,10.73,58,1018,2.06,clear sky,0,19.4285,-99.1277,14,4,7,11,0,9.96,15.53,9.96,62.0,1017.0,14.7725,5.125318689278421,21.64,9.96,2.0,9.96,False,False,True,False,False
MX,2025-11-07 20:47:28.597468,23.86,22.75,17,1010,3.09,clear sky,0,19.4285,-99.1277,20,4,7,11,0,11.96,9.96,21.64,58.0,1018.0,15.3275,6.1371729376535145,23.86,9.96,11.899999999999999,22.75,False,False,True,False,False
MX,2025-11-08 02:47:28.585424,17.75,16.83,48,1014,3.09,few clouds,20,19.4285,-99.1277,2,5,8,11,1,23.86,11.96,15.53,17.0,1010.0,15.8825,6.260726129345274,23.86,9.96,-6.109999999999999,16.64,False,False,True,False,False
MX,2025-11-08 08:47:28.586218,10.96,9.73,62,1014,1.54,clear sky,0,19.4285,-99.1277,8,5,8,11,1,17.75,23.86,9.96,48.0,1014.0,16.1325,5.958049876707422,23.86,10.96,-6.789999999999999,11.96,False,False,True,False,False
MX,2025-11-08 14:47:28.598705,9.96,8.73,66,1017,2.57,broken clouds,75,19.4285,-99.1277,14,5,8,11,1,10.96,17.75,11.96,62.0,1014.0,15.6325,6.485498567316677,23.86,9.96,-1.0,11.96,False,False,True,False,False
MX,2025-11-08 20:47:28.600730,22.75,21.55,18,1010,2.57,broken clouds,75,19.4285,-99.1277,20,5,8,11,1,9.96,10.96,23.86,66.0,1017.0,15.355,6.023401586036471,22.75,9.96,12.79,24.97,False,False,True,False,False
MX,2025-11-09 02:47:28.588414,16.64,14.91,21,1015,3.6,broken clouds,75,19.4285,-99.1277,2,6,9,11,1,22.75,9.96,17.75,18.0,1010.0,15.0775,5.90060095809458,22.75,9.96,-6.109999999999999,14.97,False,False,True,False,False
MX,2025-11-09 08:47:28.592463,11.96,10.13,35,1015,2.57,clear sky,0,19.4285,-99.1277,8,6,9,11,1,16.64,22.75,10.96,21.0,1015.0,15.3275,5.6852521198858605,22.75,9.96,-4.68,9.97,False,False,True,False,False
MX,2025-11-09 14:47:28.653528,11.96,10.33,43,1020,0.0,few clouds,20,19.4285,-99.1277,14,6,9,11,1,11.96,16.64,9.96,35.0,1015.0,15.8275,5.1152150492427975,22.75,11.96,0.0,11.64,False,False,True,False,False
MX,2025-11-09 20:47:28.610853,24.97,23.76,9,1014,3.09,smoke,40,19.4285,-99.1277,20,6,9,11,1,11.96,11.96,22.75,43.0,1020.0,16.3825,6.1353748866715545,24.97,11.96,13.009999999999998,13.86,False,False,True,False,False
MX,2025-11-10 02:47:28.561429,14.97,13.59,41,1024,7.72,clear sky,0,19.4285,-99.1277,2,0,10,11,0,24.97,11.96,16.64,9.0,1014.0,15.965,6.168741092529873,24.97,11.96,-9.999999999999998,10.53,False,False,True,False,False
MX,2025-11-10 08:47:28.630272,9.97,8.15,66,1026,3.6,few clouds,20,19.4285,-99.1277,8,0,10,11,0,14.97,24.97,11.96,41.0,1024.0,15.467500000000001,6.660081956452688,24.97,9.97,-5.0,7.75,False,False,True,False,False
MX,2025-11-10 14:47:28.630727,11.64,10.48,62,1029,4.12,overcast clouds,100,19.4285,-99.1277,14,0,10,11,0,9.97,14.97,11.96,66.0,1026.0,15.3875,6.7179281280267755,24.97,9.97,1.67,7.96,False,False,True,False,False
MX,2025-11-10 20:47:28.629254,13.86,12.82,58,1026,7.2,overcast clouds,100,19.4285,-99.1277,20,0,10,11,0,11.64,9.97,24.97,62.0,1029.0,12.61,2.239240942819692,14.97,9.97,2.219999999999999,18.86,False,False,True,False,False
MX,2025-11-11 02:47:28.633444,10.53,9.26,62,1029,6.17,overcast clouds,100,19.4285,-99.1277,2,1,11,11,0,13.86,11.64,14.97,58.0,1026.0,11.5,1.7195929750961512,13.86,9.97,-3.33,13.86,False,False,True,False,False
MX,2025-11-11 08:47:28.588278,7.75,5.75,70,1026,3.09,broken clouds,75,19.4285,-99.1277,8,1,11,11,0,10.53,13.86,9.97,62.0,1029.0,10.945,2.540373988215129,13.86,7.75,-2.7799999999999994,8.96,False,False,True,False,False
MX,2025-11-11 14:47:28.592322,7.96,7.28,76,1027,1.54,broken clouds,75,19.4285,-99.1277,14,1,11,11,0,7.75,10.53,11.64,70.0,1026.0,10.025,2.8520226740566743,13.86,7.75,0.20999999999999996,9.96,False,False,True,False,False
MX,2025-11-11 20:47:28.582656,18.86,17.77,37,1019,4.12,scattered clouds,40,19.4285,-99.1277,20,1,11,11,0,7.96,7.75,13.86,76.0,1027.0,11.274999999999999,5.212232407200076,18.86,7.75,10.899999999999999,21.64,False,False,True,False,False
MX,2025-11-12 02:47:28.627674,13.86,12.92,62,1022,3.09,clear sky,0,19.4285,-99.1277,2,2,12,11,0,18.86,7.96,10.53,37.0,1019.0,12.107499999999998,5.318429436089821,18.86,7.75,-5.0,17.75,False,False,True,False,False
MX,2025-11-12 08:47:28.601525,8.96,7.21,81,1021,3.09,scattered clouds,40,19.4285,-99.1277,8,2,12,11,0,13.86,18.86,7.75,62.0,1022.0,12.41,5.013648039767718,18.86,7.96,-4.899999999999999,9.96,False,False,True,False,False
MX,2025-11-12 14:47:28.614792,9.96,9.56,76,1023,1.54,scattered clouds,40,19.4285,-99.1277,14,2,12,11,0,8.96,13.86,7.96,81.0,1021.0,12.91,4.494811824018147,18.86,8.96,1.0,11.96,False,False,True,False,False
MX,2025-11-12 20:47:28.615077,21.64,20.64,30,1014,2.06,scattered clouds,40,19.4285,-99.1277,20,2,12,11,0,9.96,8.96,18.86,76.0,1023.0,13.605,5.7587122403074344,21.64,8.96,11.68,22.75,False,False,True,False,False
MX,2025-11-13 02:47:28.551303,17.75,16.29,27,1020,3.09,scattered clouds,40,19.4285,-99.1277,2,3,13,11,0,21.64,9.96,13.86,30.0,1014.0,14.5775,6.132462121095137,21.64,8.96,-3.8900000000000006,17.75,False,False,True,False,False
MX,2025-11-13 08:47:28.570539,9.96,9.56,46,1020,1.54,clear sky,0,19.4285,-99.1277,8,3,13,11,0,17.75,21.64,8.96,27.0,1020.0,14.8275,5.840555766934056,21.64,9.96,-7.789999999999999,9.96,False,False,True,False,False
MX,2025-11-13 14:47:28.620716,11.96,10.33,43,1022,1.54,clear sky,0,19.4285,-99.1277,14,3,13,11,0,9.96,17.75,9.96,46.0,1020.0,15.3275,5.349961837870122,21.64,9.96,2.0,12.27,False,False,True,False,False
MX,2025-11-13 20:47:28.593381,22.75,21.63,21,1014,3.09,clear sky,0,19.4285,-99.1277,20,3,13,11,0,11.96,9.96,21.64,43.0,1022.0,15.605,5.796668583476776,22.75,9.96,10.79,22.75,False,False,True,False,False
MX,2025-11-14 02:47:28.603724,17.75,16.34,29,1019,4.12,clear sky,0,19.4285,-99.1277,2,4,14,11,0,22.75,11.96,17.75,21.0,1014.0,15.605,5.796668583476776,22.75,9.96,-5.0,18.86,False,False,True,False,False
MX,2025-11-14 08:47:28.602955,9.96,9.1,57,1019,2.06,broken clouds,75,19.4285,-99.1277,8,4,14,11,0,17.75,22.75,9.96,29.0,1019.0,15.605,5.796668583476776,22.75,9.96,-7.789999999999999,10.96,False,False,True,False,False
MX,2025-11-14 14:47:28.562220,12.27,10.91,52,1021,1.63,overcast clouds,100,19.4285,-99.1277,14,4,14,11,0,9.96,17.75,11.96,57.0,1019.0,15.6825,5.733418846261509,22.75,9.96,2.3099999999999987,7.96,False,False,True,False,False
MX,2025-11-14 20:47:28.625213,22.75,21.63,21,1013,2.57,clear sky,0,19.4285,-99.1277,20,4,14,11,0,12.27,9.96,22.75,52.0,1021.0,15.682500000000001,5.733418846261509,22.75,9.96,10.48,24.97,False,False,True,False,False
MX,2025-11-15 02:47:28.590563,18.86,17.38,22,1017,6.17,few clouds,20,19.4285,-99.1277,2,5,15,11,1,22.75,12.27,17.75,21.0,1013.0,15.96,5.891524986509575,22.75,9.96,-3.8900000000000006,18.86,False,False,True,False,False
MX,2025-11-15 08:47:28.600652,10.96,9.52,54,1017,0.0,few clouds,20,19.4285,-99.1277,8,5,15,11,1,18.86,22.75,9.96,22.0,1017.0,16.21,5.564177088003818,22.75,10.96,-7.899999999999999,11.0,False,False,True,False,False
MX,2025-11-15 14:47:28.604894,7.96,6.36,66,1019,2.57,few clouds,20,19.4285,-99.1277,14,5,15,11,1,10.96,18.86,12.27,54.0,1017.0,15.1325,6.850184304089927,22.75,7.96,-3.000000000000001,9.96,False,False,True,False,False
MX,2025-11-15 20:47:28.634487,24.97,23.78,10,1011,2.06,scattered clouds,40,19.4285,-99.1277,20,5,15,11,1,7.96,10.96,22.75,66.0,1019.0,15.6875,7.7091520285956205,24.97,7.96,17.009999999999998,24.97,False,False,True,False,False
MX,2025-11-16 02:47:28.602476,18.86,17.25,17,1016,1.54,clear sky,0,19.4285,-99.1277,2,6,16,11,1,24.97,7.96,18.86,10.0,1011.0,15.6875,7.7091520285956205,24.97,7.96,-6.109999999999999,17.75,False,False,True,False,False
MX,2025-11-16 08:47:28.574486,11.0,9.12,37,1016,1.11,clear sky,4,19.4285,-99.1277,8,6,16,11,1,18.86,24.97,10.96,17.0,1016.0,15.6975,7.700997229796497,24.97,7.96,-7.859999999999999,11.96,False,False,True,False,False
MX,2025-11-16 14:47:28.579346,9.96,9.1,46,1018,2.06,clear sky,0,19.4285,-99.1277,14,6,16,11,1,11.0,18.86,7.96,37.0,1016.0,16.197499999999998,7.070268146730125,24.97,9.96,-1.0399999999999991,10.96,False,False,True,False,False
MX,2025-11-16 20:47:28.614488,24.97,23.84,12,1010,5.14,clear sky,0,19.4285,-99.1277,20,6,16,11,1,9.96,11.0,24.97,46.0,1018.0,16.197499999999998,7.070268146730125,24.97,9.96,15.009999999999998,23.86,False,False,True,False,False
MX,2025-11-17 02:47:28.581391,17.75,16.18,23,1015,3.09,clear sky,0,19.4285,-99.1277,2,0,17,11,0,24.97,9.96,18.86,12.0,1010.0,15.92,6.951724006796202,24.97,9.96,-7.219999999999999,19.97,False,False,True,False,False
MX,2025-11-17 08:47:28.697388,11.96,10.52,50,1017,1.54,clear sky,0,19.4285,-99.1277,8,0,17,11,0,17.75,24.97,11.0,23.0,1015.0,16.16,6.738550783860476,24.97,9.96,-5.789999999999999,13.86,False,False,True,False,False
MX,2025-11-17 14:47:28.611686,10.96,9.52,54,1017,2.06,clear sky,0,19.4285,-99.1277,14,0,17,11,0,11.96,17.75,9.96,50.0,1017.0,16.41,6.443968756390219,24.97,10.96,-1.0,13.96,False,False,True,False,False
MX,2025-11-17 20:47:28.596053,23.86,22.75,17,1011,2.06,scattered clouds,40,19.4285,-99.1277,20,0,17,11,0,10.96,11.96,24.97,54.0,1017.0,16.1325,5.95804987670742,23.86,10.96,12.899999999999999,24.97,False,False,True,False,False
MX,2025-11-18 02:47:28.596622,19.97,19.38,52,1016,2.57,scattered clouds,40,19.4285,-99.1277,2,1,18,11,0,23.86,10.96,17.75,17.0,1011.0,16.6875,6.254946709072213,23.86,10.96,-3.8900000000000006,19.97,False,False,True,False,False
MX,2025-11-18 08:47:28.627097,13.86,12.71,54,1016,2.06,few clouds,20,19.4285,-99.1277,8,1,18,11,0,19.97,23.86,11.96,52.0,1016.0,17.1625,5.834268734525916,23.86,10.96,-6.109999999999999,14.97,False,False,True,False,False
MX,2025-11-18 14:47:28.607383,13.96,12.93,58,1019,1.54,few clouds,20,19.4285,-99.1277,14,1,18,11,0,13.86,19.97,10.96,54.0,1016.0,17.9125,4.8870943991974025,23.86,13.86,0.10000000000000142,11.96,False,False,True,False,False
MX,2025-11-18 20:47:28.580352,24.97,24.1,22,1012,2.06,clear sky,0,19.4285,-99.1277,20,1,18,11,0,13.96,13.86,23.86,58.0,1019.0,18.189999999999998,5.347229812404421,24.97,13.86,11.009999999999998,24.97,False,False,True,False,False
MX,2025-11-19 02:47:28.609500,19.97,18.91,34,1018,5.14,clear sky,0,19.4285,-99.1277,2,2,19,11,0,24.97,13.96,19.97,22.0,1012.0,18.189999999999998,5.347229812404421,24.97,13.86,-5.0,19.97,False,False,True,False,False
MX,2025-11-19 08:47:28.592594,14.97,13.38,33,1018,0.0,few clouds,20,19.4285,-99.1277,8,2,19,11,0,19.97,24.97,13.86,34.0,1018.0,18.4675,5.069190435036606,24.97,13.96,-4.999999999999998,9.96,False,False,True,False,False
MX,2025-11-19 14:47:28.629643,11.96,10.44,47,1020,3.6,clear sky,0,19.4285,-99.1277,14,2,19,11,0,14.97,19.97,13.96,33.0,1018.0,17.9675,5.718976452711326,24.97,11.96,-3.01,10.96,False,False,True,False,False
MX,2025-11-19 20:47:28.601055,24.97,23.89,14,1013,2.57,clear sky,0,19.4285,-99.1277,20,2,19,11,0,11.96,14.97,24.97,47.0,1020.0,17.9675,5.718976452711326,24.97,11.96,13.009999999999998,23.86,False,False,True,False,False
MX,2025-11-20 02:47:28.601118,19.97,18.75,28,1017,4.12,clear sky,0,19.4285,-99.1277,2,3,20,11,0,24.97,11.96,19.97,14.0,1013.0,17.9675,5.718976452711326,24.97,11.96,-5.0,18.86,False,False,True,False,False
MX,2025-11-20 08:47:28.658302,9.96,9.56,66,1017,1.54,clear sky,0,19.4285,-99.1277,8,3,20,11,0,19.97,24.97,14.97,28.0,1017.0,16.715,6.999526174439712,24.97,9.96,-10.009999999999998,14.97,False,False,True,False,False
MX,2025-11-20 14:47:28.641278,10.96,9.63,58,1018,2.06,clear sky,0,19.4285,-99.1277,14,3,20,11,0,9.96,19.97,11.96,66.0,1017.0,16.465,7.2397076368225415,24.97,9.96,1.0,12.96,False,False,True,False,False
MX,2025-11-20 20:47:28.661071,23.86,22.9,23,1010,2.06,clear sky,0,19.4285,-99.1277,20,3,20,11,0,10.96,9.96,24.97,58.0,1018.0,16.1875,6.813786881512117,23.86,9.96,12.899999999999999,24.97,False,False,True,False,False
MX,2025-11-21 02:47:28.613192,18.86,18.16,52,1015,5.14,clear sky,0,19.4285,-99.1277,2,4,21,11,0,23.86,10.96,19.97,23.0,1010.0,15.91,6.628473931959499,23.86,9.96,-5.0,19.97,False,False,True,False,False
MX,2025-11-21 08:47:28.602549,14.97,14.27,67,1015,0.53,clear sky,3,19.4285,-99.1277,8,4,21,11,0,18.86,23.86,9.96,52.0,1015.0,17.1625,5.508056977434658,23.86,10.96,-3.889999999999999,11.67,False,False,True,False,False
MX,2025-11-21 14:47:28.581260,12.96,12.06,67,1018,1.54,clear sky,0,19.4285,-99.1277,14,4,21,11,0,14.97,18.86,10.96,67.0,1015.0,17.6625,4.8029877853963585,23.86,12.96,-2.01,10.96,False,False,True,False,False
MX,2025-11-21 20:47:28.616362,24.97,24.18,25,1011,3.6,clear sky,0,19.4285,-99.1277,20,4,21,11,0,12.96,14.97,23.86,67.0,1018.0,17.939999999999998,5.287992687841636,24.97,12.96,12.009999999999998,23.86,False,False,True,False,False
MX,2025-11-22 02:47:28.619188,19.97,18.91,34,1015,5.14,scattered clouds,40,19.4285,-99.1277,2,5,22,11,1,24.97,12.96,18.86,25.0,1011.0,18.2175,5.38067762151447,24.97,12.96,-5.0,16.64,False,False,True,False,False
MX,2025-11-22 08:47:28.601847,11.67,10.49,61,1016,1.63,clear sky,0,19.4285,-99.1277,8,5,22,11,1,19.97,24.97,14.97,34.0,1015.0,17.3925,6.230464803420898,24.97,11.67,-8.299999999999999,10.53,False,False,True,False,False
MX,2025-11-22 14:47:28.629900,10.96,9.73,62,1020,3.6,clear sky,0,19.4285,-99.1277,14,5,22,11,1,11.67,19.97,12.96,61.0,1016.0,16.8925,6.762299288457042,24.97,10.96,-0.7099999999999991,9.96,False,False,True,False,False
MX,2025-11-22 20:47:28.579356,23.86,22.82,20,1013,2.06,clear sky,0,19.4285,-99.1277,20,5,22,11,1,10.96,11.67,24.97,62.0,1020.0,16.615000000000002,6.329246927294481,23.86,10.96,12.899999999999999,22.75,False,False,True,False,False
MX,2025-11-23 02:47:28.621862,16.64,15.69,51,1019,4.12,clear sky,0,19.4285,-99.1277,2,6,23,11,1,23.86,10.96,19.97,20.0,1013.0,15.7825,5.948402446595778,23.86,10.96,-7.219999999999999,15.53,False,False,True,False,False
MX,2025-11-23 08:47:28.575165,10.53,9.75,81,1020,2.06,clear sky,0,19.4285,-99.1277,8,6,23,11,1,16.64,23.86,11.67,51.0,1019.0,15.4975,6.231684496720501,23.86,10.53,-6.110000000000001,11.96,False,False,True,False,False
MX,2025-11-23 14:47:28.585142,9.96,8.41,87,1022,3.09,mist,75,19.4285,-99.1277,14,6,23,11,1,10.53,16.64,10.96,81.0,1020.0,15.2475,6.489136434585625,23.86,9.96,-0.5699999999999985,9.96,False,False,True,False,False
MX,2025-11-23 20:47:28.615283,22.75,21.73,25,1014,0.0,clear sky,0,19.4285,-99.1277,20,6,23,11,1,9.96,10.53,23.86,87.0,1022.0,14.97,6.0036377860982455,22.75,9.96,12.79,23.86,False,False,True,False,False
MX,2025-11-24 02:47:28.553743,15.53,14.47,51,1016,4.12,clear sky,0,19.4285,-99.1277,2,0,24,11,0,22.75,9.96,16.64,25.0,1014.0,14.6925,5.925866322038208,22.75,9.96,-7.220000000000001,17.75,False,False,True,False,False
MX,2025-11-24 08:47:28.646858,11.96,10.93,66,1017,2.57,clear sky,0,19.4285,-99.1277,8,0,24,11,0,15.53,22.75,10.53,51.0,1016.0,15.05,5.626621247841961,22.75,9.96,-3.5699999999999985,12.75,False,False,True,False,False
MX,2025-11-24 14:47:28.617108,9.96,8.73,66,1019,2.57,clear sky,0,19.4285,-99.1277,14,0,24,11,0,11.96,15.53,9.96,66.0,1017.0,15.05,5.626621247841961,22.75,9.96,-2.0,11.96,False,False,True,False,False
MX,2025-11-24 20:47:28.574030,23.86,22.72,16,1010,0.0,clear sky,0,19.4285,-99.1277,20,0,24,11,0,9.96,11.96,22.75,66.0,1019.0,15.3275,6.137172937653511,23.86,9.96,13.899999999999999,22.75,False,False,True,False,False
MX,2025-11-25 02:47:28.619367,17.75,16.68,42,1015,4.12,scattered clouds,40,19.4285,-99.1277,2,1,25,11,0,23.86,9.96,15.53,16.0,1010.0,15.8825,6.2607261293452705,23.86,9.96,-6.109999999999999,17.75,False,False,True,False,False
MX,2025-11-25 08:47:28.618663,12.75,11.6,58,1015,0.0,clear sky,0,19.4285,-99.1277,8,1,25,11,0,17.75,23.86,11.96,42.0,1015.0,16.08,6.106297295961491,23.86,9.96,-5.0,12.75,False,False,True,False,False
MX,2025-11-25 14:47:28.603265,11.96,10.83,62,1017,2.06,scattered clouds,40,19.4285,-99.1277,14,1,25,11,0,12.75,17.75,9.96,58.0,1015.0,16.58,5.488794646064528,23.86,11.96,-0.7899999999999991,10.96,False,False,True,False,False
MX,2025-11-25 20:47:28.611424,22.75,21.79,27,1010,1.54,clear sky,0,19.4285,-99.1277,20,1,25,11,0,11.96,12.75,23.86,62.0,1017.0,16.302500000000002,5.004766894338499,22.75,11.96,10.79,21.64,False,False,True,False,False
MX,2025-11-26 02:47:28.598219,17.75,16.52,36,1016,3.09,few clouds,20,19.4285,-99.1277,2,2,26,11,0,22.75,11.96,17.75,27.0,1010.0,16.302500000000002,5.004766894338499,22.75,11.96,-5.0,15.53,False,False,True,False,False
MX,2025-11-26 08:47:28.576267,12.75,11.39,50,1017,2.06,scattered clouds,40,19.4285,-99.1277,8,2,26,11,0,17.75,22.75,12.75,36.0,1016.0,16.302500000000002,5.004766894338499,22.75,11.96,-5.0,13.86,False,False,True,False,False
MX,2025-11-26 14:47:28.625770,10.96,10.25,82,1021,2.57,mist,75,19.4285,-99.1277,14,2,26,11,0,12.75,17.75,11.96,50.0,1017.0,16.052500000000002,5.3096790549586546,22.75,10.96,-1.7899999999999991,13.86,False,False,True,False,False
MX,2025-11-26 20:47:28.596853,21.64,20.72,33,1013,3.6,clear sky,0,19.4285,-99.1277,20,2,26,11,0,10.96,12.75,22.75,82.0,1021.0,15.775,4.852274380810162,21.64,10.96,10.68,20.53,False,False,True,False,False
MX,2025-11-27 02:47:28.593325,15.53,14.57,55,1022,7.2,scattered clouds,40,19.4285,-99.1277,2,3,27,11,0,21.64,10.96,17.75,33.0,1013.0,15.22,4.67479054789267,21.64,10.96,-6.110000000000001,14.97,False,False,True,False,False
MX,2025-11-27 08:47:28.657812,13.86,13.05,67,1020,5.14,overcast clouds,100,19.4285,-99.1277,8,3,27,11,0,15.53,21.64,12.75,55.0,1022.0,15.4975,4.5093116621793445,21.64,10.96,-1.67,11.64,False,False,True,False,False
MX,2025-11-27 14:47:28.615653,13.86,13.16,71,1024,2.57,overcast clouds,100,19.4285,-99.1277,14,3,27,11,0,13.86,15.53,10.96,67.0,1020.0,16.2225,3.696470163097037,21.64,13.86,0.0,11.64,False,False,True,False,False
MX,2025-11-27 20:47:28.664532,20.53,19.6,37,1016,4.12,scattered clouds,40,19.4285,-99.1277,20,3,27,11,0,13.86,13.86,21.64,71.0,1024.0,15.945,3.1564167447703486,20.53,13.86,6.670000000000002,17.75,False,False,True,False,False
MX,2025-11-28 02:47:28.575225,14.97,14.04,58,1024,6.17,broken clouds,75,19.4285,-99.1277,2,4,28,11,0,20.53,13.86,15.53,37.0,1016.0,15.805,3.193164574524774,20.53,13.86,-5.5600000000000005,14.97,False,False,True,False,False
MX,2025-11-28 08:47:28.606756,11.64,10.58,66,1023,4.12,broken clouds,75,19.4285,-99.1277,8,4,28,11,0,14.97,20.53,13.86,58.0,1024.0,15.25,3.782459517298234,20.53,11.64,-3.33,9.97,False,False,True,False,False
MX,2025-11-28 14:47:28.561344,11.64,10.58,66,1025,2.57,broken clouds,75,19.4285,-99.1277,14,4,28,11,0,11.64,14.97,13.86,66.0,1023.0,14.695,4.194794393054325,20.53,11.64,0.0,10.96,False,False,True,False,False
MX,2025-11-28 20:47:28.612675,17.75,16.76,45,1018,1.54,overcast clouds,100,19.4285,-99.1277,20,4,28,11,0,11.64,11.64,20.53,66.0,1025.0,14.0,2.9519823847712927,17.75,11.64,6.109999999999999,20.53,False,False,True,False,False
MX,2025-11-29 02:47:28.639057,14.97,14.14,62,1021,2.57,few clouds,20,19.4285,-99.1277,2,5,29,11,1,17.75,11.64,14.97,45.0,1018.0,14.0,2.9519823847712927,17.75,11.64,-2.7799999999999994,16.64,False,False,True,False,False
MX,2025-11-29 08:47:28.594372,9.97,9.57,87,1020,1.54,broken clouds,75,19.4285,-99.1277,8,5,29,11,1,14.97,17.75,11.64,62.0,1021.0,13.5825,3.469710602725634,17.75,9.97,-5.0,13.86,False,False,True,False,False
MX,2025-11-29 14:47:28.617999,10.96,10.1,76,1020,2.57,broken clouds,75,19.4285,-99.1277,14,5,29,11,1,9.97,14.97,11.64,87.0,1020.0,13.412500000000001,3.6104143344866504,17.75,9.97,0.9900000000000002,10.96,False,False,True,False,False
MX,2025-11-29 20:47:28.568369,20.53,19.47,32,1013,2.06,scattered clouds,40,19.4285,-99.1277,20,5,29,11,1,10.96,9.97,17.75,76.0,1020.0,14.107500000000002,4.7964596318534785,20.53,9.97,9.57,21.64,False,False,True,False,False
MX,2025-11-30 02:47:28.661015,16.64,15.53,45,1016,2.06,scattered clouds,40,19.4285,-99.1277,2,6,30,11,1,20.53,10.96,14.97,32.0,1013.0,14.525000000000002,4.966235999225168,20.53,9.97,-3.8900000000000006,17.75,False,False,True,False,False
MX,2025-11-30 08:47:28.603005,13.86,12.82,58,1016,0.0,broken clouds,75,19.4285,-99.1277,8,6,30,11,1,16.64,20.53,9.97,45.0,1016.0,15.497500000000002,4.0784668279473175,20.53,10.96,-2.780000000000001,12.75,False,False,True,False,False
MX,2025-11-30 14:47:28.610028,10.96,9.83,66,1019,0.0,broken clouds,75,19.4285,-99.1277,14,6,30,11,1,13.86,16.64,10.96,58.0,1016.0,15.497499999999999,4.0784668279473175,20.53,10.96,-2.8999999999999986,9.96,False,False,True,False,False
MX,2025-11-30 20:47:28.604745,21.64,20.64,30,1011,3.09,scattered clouds,40,19.4285,-99.1277,20,6,30,11,1,10.96,13.86,20.53,66.0,1019.0,15.774999999999999,4.545983575274623,21.64,10.96,10.68,20.53,False,False,True,False,False
MX,2025-12-01 02:47:28.573042,17.75,16.94,52,1016,4.92,broken clouds,75,19.4285,-99.1277,2,0,1,12,0,21.64,10.96,16.64,30.0,1011.0,16.0525,4.649095790222723,21.64,10.96,-3.8900000000000006,17.75,False,False,True,False,False
MX,2025-12-01 08:47:28.682291,12.75,11.39,50,1016,0.0,scattered clouds,40,19.4285,-99.1277,8,0,1,12,0,17.75,21.64,13.86,52.0,1016.0,15.774999999999999,4.8522743808101625,21.64,10.96,-5.0,13.86,False,False,True,False,False
MX,2025-12-01 14:47:28.570193,9.96,8.73,71,1019,2.57,scattered clouds,40,19.4285,-99.1277,14,0,1,12,0,12.75,17.75,10.96,50.0,1016.0,15.525000000000002,5.196591831832345,21.64,9.96,-2.789999999999999,13.96,False,False,True,False,False
MX,2025-12-01 20:47:28.574366,20.53,19.6,37,1010,3.09,few clouds,20,19.4285,-99.1277,20,0,1,12,0,9.96,12.75,21.64,71.0,1019.0,15.247500000000002,4.773624583758829,20.53,9.96,10.57,13.96,False,False,True,False,False
MX,2025-12-02 02:47:28.584293,17.75,16.83,48,1015,3.09,scattered clouds,40,19.4285,-99.1277,2,1,2,12,0,20.53,9.96,17.75,37.0,1010.0,15.247500000000002,4.773624583758829,20.53,9.96,-2.780000000000001,24.97,False,False,True,False,False
MX,2025-12-02 08:47:28.619600,13.86,13.05,67,1015,2.57,overcast clouds,100,19.4285,-99.1277,8,1,2,12,0,17.75,20.53,12.75,48.0,1015.0,15.525000000000002,4.609486594694321,20.53,9.96,-3.8900000000000006,18.86,False,False,True,False,False
MX,2025-12-02 14:47:28.616368,13.96,13.03,62,1018,1.54,broken clouds,75,19.4285,-99.1277,14,1,2,12,0,13.86,17.75,9.96,67.0,1015.0,16.525,3.2260450503157325,20.53,13.86,0.10000000000000142,11.96,False,False,True,False,False
MX,2025-12-02 14:47:28.616368,13.96,13.03,62,1018,1.54,broken clouds,75,19.4285,-99.1277,14,1,2,12,0,13.96,13.86,20.53,62.0,1018.0,14.8825,1.9122478047226663,17.75,13.86,0.0,10.96,False,False,True,False,False
MX,2025-12-02 20:47:28.605162,24.97,24.18,25,1009,0.0,scattered clouds,40,19.4285,-99.1277,20,1,2,12,0,13.96,13.96,17.75,62.0,1018.0,16.6875,5.521867890487778,24.97,13.86,11.009999999999998,22.75,False,False,True,False,False
MX,2025-12-03 02:47:28.598331,18.86,17.98,45,1015,4.92,overcast clouds,100,19.4285,-99.1277,2,2,3,12,0,24.97,13.96,13.86,25.0,1009.0,17.9375,5.2264734764466105,24.97,13.96,-6.109999999999999,18.86,False,False,True,False,False
MX,2025-12-03 08:47:28.634853,11.96,10.93,66,1016,3.09,clear sky,0,19.4285,-99.1277,8,2,3,12,0,18.86,24.97,13.96,45.0,1015.0,17.4375,5.798220272922827,24.97,11.96,-6.899999999999999,13.86,False,False,True,False,False
MX,2025-12-03 14:47:28.618373,10.96,10.1,76,1019,2.06,clear sky,0,19.4285,-99.1277,14,2,3,12,0,11.96,18.86,13.96,66.0,1016.0,16.6875,6.544032268665343,24.97,10.96,-1.0,11.96,False,False,True,False,False
MX,2025-12-03 20:47:28.594903,22.75,21.84,29,1012,2.57,clear sky,0,19.4285,-99.1277,20,2,3,12,0,10.96,11.96,24.97,76.0,1019.0,16.1325,5.639003310278626,22.75,10.96,11.79,23.86,False,False,True,False,False
MX,2025-12-04 02:47:28.636345,18.86,17.82,39,1017,3.09,clear sky,0,19.4285,-99.1277,2,3,4,12,0,22.75,10.96,18.86,29.0,1012.0,16.1325,5.639003310278626,22.75,10.96,-3.8900000000000006,18.86,False,False,True,False,False
MX,2025-12-04 08:47:28.571814,13.86,13.05,67,1017,0.0,scattered clouds,40,19.4285,-99.1277,8,3,4,12,0,18.86,22.75,11.96,39.0,1017.0,16.6075,5.235999586198095,22.75,10.96,-5.0,14.97,False,False,True,False,False
MX,2025-12-04 14:47:28.566054,11.96,10.83,62,1019,2.06,scattered clouds,40,19.4285,-99.1277,14,3,4,12,0,13.86,18.86,10.96,67.0,1017.0,16.857499999999998,4.888833364583683,22.75,11.96,-1.8999999999999986,11.96,False,False,True,False,False
MX,2025-12-04 20:47:28.730770,23.86,23.06,29,1012,0.0,few clouds,20,19.4285,-99.1277,20,3,4,12,0,11.96,13.86,22.75,62.0,1019.0,17.134999999999998,5.345013252244245,23.86,11.96,11.899999999999999,22.75,False,False,True,False,False
MX,2025-12-05 02:47:28.569345,18.86,18.24,55,1016,5.14,broken clouds,75,19.4285,-99.1277,2,4,5,12,0,23.86,11.96,18.86,29.0,1012.0,17.134999999999998,5.345013252244245,23.86,11.96,-5.0,17.75,False,False,True,False,False
MX,2025-12-05 08:47:28.599230,14.97,14.14,62,1016,2.06,scattered clouds,40,19.4285,-99.1277,8,4,5,12,0,18.86,23.86,13.86,55.0,1016.0,17.412499999999998,5.14331524084093,23.86,11.96,-3.889999999999999,13.86,False,False,True,False,False
MX,2025-12-05 14:47:28.598400,11.96,11.07,71,1019,2.06,clear sky,0,19.4285,-99.1277,14,4,5,12,0,14.97,18.86,11.96,62.0,1016.0,17.4125,5.14331524084093,23.86,11.96,-3.01,12.96,False,False,True,False,False
MX,2025-12-05 20:47:28.622660,22.75,21.79,27,1011,3.09,few clouds,20,19.4285,-99.1277,20,4,5,12,0,11.96,14.97,23.86,71.0,1019.0,17.135,4.6894100552912406,22.75,11.96,10.79,22.75,False,False,True,False,False
MX,2025-12-06 02:47:28.658795,17.75,16.83,48,1015,5.14,scattered clouds,40,19.4285,-99.1277,2,5,6,12,1,22.75,11.96,18.86,27.0,1011.0,16.8575,4.584985459809726,22.75,11.96,-5.0,17.75,False,False,True,False,False
MX,2025-12-06 08:47:28.598826,13.86,12.92,62,1015,1.54,few clouds,20,19.4285,-99.1277,8,5,6,12,1,17.75,22.75,14.97,48.0,1015.0,16.58,4.767270358042075,22.75,11.96,-3.8900000000000006,13.86,False,False,True,False,False
MX,2025-12-06 14:47:28.676689,12.96,12.06,67,1018,0.0,broken clouds,75,19.4285,-99.1277,14,5,6,12,1,13.86,17.75,11.96,62.0,1015.0,16.83,4.460590394405948,22.75,12.96,-0.8999999999999986,14.97,False,False,True,False,False
MX,2025-12-06 20:47:28.592400,22.75,21.94,33,1011,2.57,overcast clouds,100,19.4285,-99.1277,20,5,6,12,1,12.96,13.86,22.75,67.0,1018.0,16.83,4.460590394405948,22.75,12.96,9.79,24.97,False,False,True,False,False
MX,2025-12-07 02:47:28.647687,17.75,17.12,59,1015,4.12,overcast clouds,100,19.4285,-99.1277,2,6,7,12,1,22.75,12.96,17.75,33.0,1011.0,16.83,4.460590394405948,22.75,12.96,-5.0,17.75,False,False,True,False,False
MX,2025-12-07 08:47:28.627429,13.86,13.16,71,1015,2.06,broken clouds,75,19.4285,-99.1277,8,6,7,12,1,17.75,22.75,13.86,59.0,1015.0,16.83,4.460590394405948,22.75,12.96,-3.8900000000000006,15.53,False,False,True,False,False
MX,2025-12-07 14:47:28.614843,14.97,14.14,62,1018,1.54,clear sky,0,19.4285,-99.1277,14,6,7,12,1,13.86,17.75,12.96,71.0,1015.0,17.3325,3.964983186177036,22.75,13.86,1.1100000000000012,14.97,False,False,True,False,False
MX,2025-12-07 20:47:28.598100,24.97,24.28,29,1012,4.12,broken clouds,75,19.4285,-99.1277,20,6,7,12,1,14.97,13.86,22.75,62.0,1018.0,17.8875,4.997108330491403,24.97,13.86,9.999999999999998,16.64,False,False,True,False,False
MX,2025-12-08 02:47:28.605447,17.75,17.12,59,1016,3.58,overcast clouds,100,19.4285,-99.1277,2,0,8,12,0,24.97,14.97,17.75,29.0,1012.0,17.8875,4.997108330491403,24.97,13.86,-7.219999999999999,13.86,False,False,True,False,False
MX,2025-12-08 08:47:28.598380,15.53,14.68,59,1017,3.6,overcast clouds,100,19.4285,-99.1277,8,0,8,12,0,17.75,24.97,13.86,59.0,1016.0,18.305,4.6026477886827895,24.97,14.97,-2.2200000000000006,10.53,False,False,True,False,False
MX,2025-12-08 14:47:28.598169,14.97,14.14,62,1021,3.09,overcast clouds,100,19.4285,-99.1277,14,0,8,12,0,15.53,17.75,14.97,59.0,1017.0,18.305,4.6026477886827895,24.97,14.97,-0.5599999999999987,10.96,False,False,True,False,False
MX,2025-12-08 20:47:28.588723,16.64,15.9,59,1015,4.12,broken clouds,75,19.4285,-99.1277,20,0,8,12,0,14.97,15.53,24.97,62.0,1021.0,16.2225,1.2323250382914266,17.75,14.97,1.67,21.64,False,False,True,False,False
MX,2025-12-09 02:47:28.647596,13.86,12.92,62,1019,3.6,scattered clouds,40,19.4285,-99.1277,2,1,9,12,0,16.64,14.97,17.75,59.0,1015.0,15.25,1.1577276593972035,16.64,13.86,-2.780000000000001,15.53,False,False,True,False,False
MX,2025-12-09 08:47:28.617102,10.53,9.75,81,1019,3.6,broken clouds,75,19.4285,-99.1277,8,1,9,12,0,13.86,16.64,15.53,62.0,1019.0,14.0,2.5801162764495773,16.64,10.53,-3.33,13.86,False,False,True,False,False
MX,2025-12-09 14:47:28.653557,10.96,10.25,82,1020,2.06,mist,75,19.4285,-99.1277,14,1,9,12,0,10.53,13.86,14.97,81.0,1019.0,12.9975,2.8432185400821233,16.64,10.53,0.4300000000000015,12.96,False,False,True,False,False
MX,2025-12-09 20:47:28.577216,21.64,20.72,33,1011,2.06,scattered clouds,40,19.4285,-99.1277,20,1,9,12,0,10.96,10.53,16.64,82.0,1020.0,14.2475,5.145440538314806,21.64,10.53,10.68,22.75,False,False,True,False,False
MX,2025-12-10 02:47:28.601282,15.53,14.89,67,1016,5.14,light rain,40,19.4285,-99.1277,2,2,10,12,0,21.64,10.96,13.86,33.0,1011.0,14.665000000000001,5.171205533206612,21.64,10.53,-6.110000000000001,16.64,False,False,True,False,False
MX,2025-12-10 08:47:28.619546,13.86,13.16,71,1015,0.0,light rain,75,19.4285,-99.1277,8,2,10,12,0,15.53,21.64,10.53,67.0,1016.0,15.4975,4.509311662179346,21.64,10.96,-1.67,14.97,False,False,True,False,False
MX,2025-12-10 14:47:28.597060,12.96,12.45,82,1018,2.06,few clouds,20,19.4285,-99.1277,14,2,10,12,0,13.86,15.53,10.96,71.0,1015.0,15.9975,3.909461812918326,21.64,12.96,-0.8999999999999986,12.75,False,False,True,False,False
MX,2025-12-10 20:47:28.605798,22.75,21.99,35,1012,2.06,broken clouds,75,19.4285,-99.1277,20,2,10,12,0,12.96,13.86,21.64,82.0,1018.0,16.275,4.4460506819723316,22.75,12.96,9.79,21.64,False,False,True,False,False
MX,2025-12-11 02:47:28.648389,16.64,16.0,63,1016,3.09,broken clouds,75,19.4285,-99.1277,2,3,11,12,0,22.75,12.96,15.53,35.0,1012.0,16.552500000000002,4.418607435229636,22.75,12.96,-6.109999999999999,18.86,False,False,True,False,False
MX,2025-12-11 08:47:28.628144,14.97,14.04,58,1017,2.06,broken clouds,75,19.4285,-99.1277,8,3,11,12,0,16.64,22.75,13.86,63.0,1016.0,16.830000000000002,4.223702956727262,22.75,12.96,-1.67,13.86,False,False,True,False,False
MX,2025-12-11 14:47:28.624809,12.75,11.7,62,1021,2.06,broken clouds,75,19.4285,-99.1277,14,3,11,12,0,14.97,16.64,12.96,58.0,1017.0,16.7775,4.288646833986989,22.75,12.75,-2.2200000000000006,10.96,False,False,True,False,False
MX,2025-12-11 20:47:28.591391,21.64,20.59,28,1013,2.06,scattered clouds,40,19.4285,-99.1277,20,3,11,12,0,12.75,14.97,22.75,62.0,1021.0,16.5,3.7790033959586,21.64,12.75,8.89,21.64,False,False,True,False,False
MX,2025-12-12 02:47:28.596534,18.86,17.9,42,1016,1.54,broken clouds,75,19.4285,-99.1277,2,4,12,12,0,21.64,12.75,16.64,28.0,1013.0,17.055,3.964866538317099,21.64,12.75,-2.780000000000001,16.64,False,False,True,False,False
MX,2025-12-12 08:47:28.605495,13.86,13.05,67,1016,0.0,smoke,20,19.4285,-99.1277,8,4,12,12,0,18.86,21.64,14.97,42.0,1016.0,16.7775,4.191788599949505,21.64,12.75,-5.0,12.75,False,False,True,False,False
MX,2025-12-12 14:47:28.558217,10.96,10.25,82,1018,2.06,smoke,40,19.4285,-99.1277,14,4,12,12,0,13.86,18.86,12.75,67.0,1016.0,16.33,4.814381234038975,21.64,10.96,-2.8999999999999986,12.96,False,False,True,False,False
MX,2025-12-12 20:47:28.606232,21.64,20.72,33,1012,3.09,scattered clouds,40,19.4285,-99.1277,20,4,12,12,0,10.96,13.86,21.64,82.0,1018.0,16.33,4.814381234038975,21.64,10.96,10.68,21.64,False,False,True,False,False
MX,2025-12-13 02:47:28.627039,16.64,15.61,48,1015,3.09,broken clouds,75,19.4285,-99.1277,2,5,13,12,1,21.64,10.96,18.86,33.0,1012.0,15.775,4.545983575274626,21.64,10.96,-5.0,18.86,False,False,True,False,False
MX,2025-12-13 08:47:28.602819,12.75,11.7,62,1016,2.57,broken clouds,75,19.4285,-99.1277,8,5,13,12,1,16.64,21.64,13.86,48.0,1015.0,15.4975,4.731922618414916,21.64,10.96,-3.8900000000000006,13.86,False,False,True,False,False
MX,2025-12-13 14:47:28.570895,12.96,11.93,62,1019,1.54,broken clouds,75,19.4285,-99.1277,14,5,13,12,1,12.75,16.64,10.96,62.0,1016.0,15.9975,4.164263640389097,21.64,12.75,0.21000000000000085,9.96,False,False,True,False,False
MX,2025-12-13 20:47:28.573231,21.64,20.64,30,1013,2.57,broken clouds,75,19.4285,-99.1277,20,5,13,12,1,12.96,12.75,21.64,62.0,1019.0,15.9975,4.164263640389097,21.64,12.75,8.68,21.64,False,False,True,False,False
MX,2025-12-14 02:47:28.566406,18.86,17.9,42,1017,5.14,overcast clouds,100,19.4285,-99.1277,2,6,14,12,1,21.64,12.96,16.64,30.0,1013.0,16.552500000000002,4.418607435229638,21.64,12.75,-2.780000000000001,14.97,False,False,True,False,False
MX,2025-12-14 08:47:28.606073,13.86,12.71,54,1017,3.6,broken clouds,75,19.4285,-99.1277,8,6,14,12,1,18.86,21.64,12.75,42.0,1017.0,16.83,4.125320189593364,21.64,12.96,-5.0,11.64,False,False,True,False,False
MX,2025-12-14 14:47:28.598815,9.96,8.73,66,1021,2.57,broken clouds,75,19.4285,-99.1277,14,6,14,12,1,13.86,18.86,12.96,54.0,1017.0,16.08,5.196947822199744,21.64,9.96,-3.8999999999999986,11.64,False,False,True,False,False
MX,2025-12-14 20:47:28.590852,21.64,20.41,21,1016,3.6,broken clouds,75,19.4285,-99.1277,20,6,14,12,1,9.96,13.86,21.64,66.0,1021.0,16.08,5.196947822199744,21.64,9.96,11.68,16.64,False,False,True,False,False
MX,2025-12-15 02:47:28.598849,14.97,13.85,51,1022,5.14,scattered clouds,40,19.4285,-99.1277,2,0,15,12,0,21.64,9.96,18.86,21.0,1016.0,15.1075,4.856112128029997,21.64,9.96,-6.67,14.97,False,False,True,False,False
MX,2025-12-15 08:47:28.565223,11.64,10.48,62,1022,3.09,scattered clouds,40,19.4285,-99.1277,8,0,15,12,0,14.97,21.64,13.86,51.0,1022.0,14.5525,5.1633540455792915,21.64,9.96,-3.33,9.97,False,False,True,False,False
MX,2025-12-15 14:47:28.591059,11.64,10.58,66,1025,3.09,light rain,100,19.4285,-99.1277,14,0,15,12,0,11.64,14.97,9.96,62.0,1022.0,14.9725,4.714045502538136,21.64,11.64,0.0,7.96,False,False,True,False,False
MX,2025-12-15 20:47:28.576873,16.64,15.69,51,1020,2.06,overcast clouds,100,19.4285,-99.1277,20,0,15,12,0,11.64,11.64,21.64,66.0,1025.0,13.7225,2.499444938381333,16.64,11.64,5.0,21.64,False,False,True,False,False
MX,2025-12-16 02:47:28.605109,14.97,13.93,54,1023,2.57,few clouds,20,19.4285,-99.1277,2,1,16,12,0,16.64,11.64,14.97,51.0,1020.0,13.7225,2.499444938381333,16.64,11.64,-1.67,16.64,False,False,True,False,False
MX,2025-12-16 08:47:28.585771,9.97,9.11,76,1021,2.06,clear sky,0,19.4285,-99.1277,8,1,16,12,0,14.97,16.64,11.64,54.0,1023.0,13.305,3.043512225483372,16.64,9.97,-5.0,14.97,False,False,True,False,False
MX,2025-12-16 14:47:28.602972,7.96,6.76,81,1023,2.06,clear sky,0,19.4285,-99.1277,14,1,16,12,0,9.97,14.97,11.64,76.0,1021.0,12.385,4.090643796111657,16.64,7.96,-2.0100000000000007,12.96,False,False,True,False,False
MX,2025-12-16 20:47:28.587920,21.64,20.64,30,1013,0.0,broken clouds,75,19.4285,-99.1277,20,1,16,12,0,7.96,9.97,16.64,81.0,1023.0,13.635000000000002,6.0964497865561125,21.64,7.96,13.68,20.53,False,False,True,False,False
MX,2025-12-17 02:47:28.581645,16.64,15.69,51,1016,3.09,overcast clouds,100,19.4285,-99.1277,2,2,17,12,0,21.64,7.96,14.97,30.0,1013.0,14.052500000000002,6.272975769122662,21.64,7.96,-5.0,13.96,False,False,True,False,False
MX,2025-12-17 08:47:28.588986,14.97,14.04,58,1015,2.06,broken clouds,75,19.4285,-99.1277,8,2,17,12,0,16.64,21.64,9.97,51.0,1016.0,15.302500000000002,5.65613752190191,21.64,7.96,-1.67,9.96,False,False,True,False,False
MX,2025-12-17 14:47:28.612694,12.96,11.83,58,1017,0.0,few clouds,20,19.4285,-99.1277,14,2,17,12,0,14.97,16.64,7.96,58.0,1015.0,16.552500000000002,3.710376216324516,21.64,12.96,-2.01,11.96,False,False,True,False,False
MX,2025-12-17 20:47:28.616778,20.53,19.42,30,1010,0.0,broken clouds,75,19.4285,-99.1277,20,2,17,12,0,12.96,14.97,21.64,58.0,1017.0,16.275000000000002,3.210944824606403,20.53,12.96,7.57,19.97,False,False,True,False,False
MX,2025-12-18 02:47:28.629307,13.96,12.93,58,1015,1.54,light rain,75,19.4285,-99.1277,2,3,18,12,0,20.53,12.96,16.64,30.0,1010.0,15.605000000000002,3.384321694717175,20.53,12.96,-6.57,14.97,False,False,True,False,False
MX,2025-12-18 08:47:28.662092,9.96,9.56,87,1014,1.54,light rain,40,19.4285,-99.1277,8,3,18,12,0,13.96,20.53,14.97,58.0,1015.0,14.352500000000001,4.455284315656339,20.53,9.96,-4.0,11.64,False,False,True,False,False
MX,2025-12-18 14:47:28.592123,11.96,11.07,71,1017,0.0,mist,40,19.4285,-99.1277,14,3,18,12,0,9.96,13.96,12.96,87.0,1014.0,14.102500000000001,4.585617915468614,20.53,9.96,2.0,8.96,False,False,True,False,False
MX,2025-12-18 20:47:28.614118,19.97,18.81,30,1013,0.0,broken clouds,75,19.4285,-99.1277,20,3,18,12,0,11.96,9.96,20.53,71.0,1017.0,13.9625,4.325123312307605,19.97,9.96,8.009999999999998,19.97,False,False,True,False,False
MX,2025-12-19 02:47:28.660709,14.97,13.85,51,1017,3.09,clear sky,0,19.4285,-99.1277,2,4,19,12,0,19.97,11.96,13.96,30.0,1013.0,14.215,4.354312039040538,19.97,9.96,-4.999999999999998,16.64,False,False,True,False,False
MX,2025-12-19 08:47:28.599274,11.64,10.37,58,1017,1.54,scattered clouds,40,19.4285,-99.1277,8,4,19,12,0,14.97,19.97,9.96,51.0,1017.0,14.635,3.8600561308526786,19.97,11.64,-3.33,10.96,False,False,True,False,False
MX,2025-12-19 14:47:28.575868,8.96,7.54,76,1023,2.57,clear sky,0,19.4285,-99.1277,14,4,19,12,0,11.64,14.97,11.96,58.0,1017.0,13.885,4.7434200038931165,19.97,8.96,-2.6799999999999997,8.96,False,False,True,False,False
MX,2025-12-19 20:47:28.576666,19.97,18.7,26,1016,2.57,clear sky,0,19.4285,-99.1277,20,4,19,12,0,8.96,11.64,19.97,76.0,1023.0,13.885,4.7434200038931165,19.97,8.96,11.009999999999998,19.97,False,False,True,False,False
MX,2025-12-20 02:47:28.590263,16.64,15.61,48,1019,5.14,few clouds,20,19.4285,-99.1277,2,5,20,12,1,19.97,8.96,14.97,26.0,1016.0,14.3025,4.940164470946289,19.97,8.96,-3.3299999999999983,16.64,False,False,True,False,False
MX,2025-12-20 08:47:28.604854,10.96,9.97,71,1019,2.57,clear sky,0,19.4285,-99.1277,8,5,20,12,1,16.64,19.97,11.64,48.0,1019.0,14.1325,5.072260344264678,19.97,8.96,-5.68,10.96,False,False,True,False,False
MX,2025-12-20 14:47:28.588749,8.96,7.54,81,1022,2.57,clear sky,0,19.4285,-99.1277,14,5,20,12,1,10.96,16.64,8.96,71.0,1019.0,14.1325,5.072260344264678,19.97,8.96,-2.0,7.96,False,False,True,False,False
MX,2025-12-20 20:47:28.573484,19.97,18.81,30,1014,3.09,few clouds,20,19.4285,-99.1277,20,5,20,12,1,8.96,10.96,19.97,81.0,1022.0,14.1325,5.072260344264678,19.97,8.96,11.009999999999998,21.64,False,False,True,False,False
MX,2025-12-21 02:47:28.606786,16.64,15.3,36,1018,2.06,scattered clouds,40,19.4285,-99.1277,2,6,21,12,1,19.97,8.96,16.64,30.0,1014.0,14.1325,5.072260344264678,19.97,8.96,-3.3299999999999983,16.64,False,False,True,False,False
MX,2025-12-21 08:47:28.621552,10.96,9.63,58,1019,2.06,clear sky,0,19.4285,-99.1277,8,6,21,12,1,16.64,19.97,10.96,36.0,1018.0,14.1325,5.072260344264678,19.97,8.96,-5.68,11.64,False,False,True,False,False
MX,2025-12-21 14:47:28.595992,7.96,6.76,61,1022,2.06,scattered clouds,40,19.4285,-99.1277,14,6,21,12,1,10.96,16.64,8.96,58.0,1019.0,13.8825,5.4245883100317736,19.97,7.96,-3.000000000000001,6.96,False,False,True,False,False
MX,2025-12-21 20:47:28.666285,21.64,20.23,14,1016,2.06,clear sky,0,19.4285,-99.1277,20,6,21,12,1,7.96,10.96,19.97,61.0,1022.0,14.3,6.074602867677856,21.64,7.96,13.68,19.97,False,False,True,False,False
MX,2025-12-22 02:47:28.591491,16.64,15.22,33,1020,5.14,few clouds,20,19.4285,-99.1277,2,0,22,12,0,21.64,7.96,16.64,14.0,1016.0,14.3,6.074602867677856,21.64,7.96,-5.0,14.97,False,False,True,False,False
MX,2025-12-22 08:47:28.608616,11.64,10.58,66,1021,3.09,few clouds,20,19.4285,-99.1277,8,0,22,12,0,16.64,21.64,10.96,33.0,1020.0,14.47,5.958377855311519,21.64,7.96,-5.0,11.64,False,False,True,False,False
MX,2025-12-22 14:47:28.611699,6.96,6.96,93,1024,0.0,mist,0,19.4285,-99.1277,14,0,22,12,0,11.64,16.64,7.96,66.0,1021.0,14.22,6.331845439259134,21.64,6.96,-4.680000000000001,10.53,False,False,True,False,False
MX,2025-12-22 20:47:28.597069,19.97,19.07,40,1018,3.09,scattered clouds,40,19.4285,-99.1277,20,0,22,12,0,6.96,11.64,21.64,93.0,1024.0,13.8025,5.70338130702598,19.97,6.96,13.009999999999998,17.75,False,False,True,False,False
MX,2025-12-23 02:47:28.626017,14.97,14.14,62,1020,6.17,broken clouds,75,19.4285,-99.1277,2,1,23,12,0,19.97,6.96,16.64,40.0,1018.0,13.385,5.483311043521064,19.97,6.96,-4.999999999999998,16.64,False,False,True,False,False
MX,2025-12-23 08:47:28.586329,11.64,10.84,76,1021,1.54,scattered clouds,40,19.4285,-99.1277,8,1,23,12,0,14.97,19.97,11.64,62.0,1020.0,13.385,5.483311043521064,19.97,6.96,-3.33,11.64,False,False,True,False,False
MX,2025-12-23 14:47:28.595513,10.53,9.75,81,1024,3.09,overcast clouds,100,19.4285,-99.1277,14,1,23,12,0,11.64,14.97,6.96,76.0,1021.0,14.2775,4.2380921415184005,19.97,10.53,-1.1100000000000012,8.96,False,False,True,False,False
MX,2025-12-23 20:47:28.626779,17.75,16.83,48,1018,0.0,clear sky,0,19.4285,-99.1277,20,1,23,12,0,10.53,11.64,19.97,81.0,1024.0,13.7225,3.2815583188479294,17.75,10.53,7.220000000000001,20.53,False,False,True,False,False
MX,2025-12-24 02:47:28.564684,16.64,15.69,51,1022,4.12,broken clouds,75,19.4285,-99.1277,2,2,24,12,0,17.75,10.53,14.97,48.0,1018.0,14.14,3.5853498202174596,17.75,10.53,-1.1099999999999994,17.75,False,False,True,False,False
MX,2025-12-24 08:47:28.614797,11.64,10.84,76,1021,3.09,clear sky,0,19.4285,-99.1277,8,2,24,12,0,16.64,17.75,11.64,51.0,1022.0,14.14,3.5853498202174596,17.75,10.53,-5.0,11.64,False,False,True,False,False
MX,2025-12-24 14:47:28.565583,8.96,7.93,87,1025,2.06,scattered clouds,40,19.4285,-99.1277,14,2,24,12,0,11.64,16.64,10.53,76.0,1021.0,13.7475,4.153242709016659,17.75,8.96,-2.6799999999999997,8.96,False,False,True,False,False
MX,2025-12-24 20:47:28.618106,20.53,19.68,40,1018,3.09,scattered clouds,40,19.4285,-99.1277,20,2,24,12,0,8.96,11.64,17.75,87.0,1025.0,14.4425,5.157469502252698,20.53,8.96,11.57,19.97,False,False,True,False,False
MX,2025-12-25 02:47:28.648834,17.75,16.76,45,1021,3.09,broken clouds,75,19.4285,-99.1277,2,3,25,12,0,20.53,8.96,16.64,40.0,1018.0,14.72,5.341691367597597,20.53,8.96,-2.780000000000001,14.97,False,False,True,False,False
MX,2025-12-25 08:47:28.621897,11.64,10.84,76,1022,2.06,broken clouds,75,19.4285,-99.1277,8,3,25,12,0,17.75,20.53,11.64,45.0,1021.0,14.72,5.341691367597597,20.53,8.96,-6.109999999999999,9.97,False,False,True,False,False
MX,2025-12-25 14:47:28.598155,8.96,7.93,87,1024,2.06,smoke,40,19.4285,-99.1277,14,3,25,12,0,11.64,17.75,8.96,76.0,1022.0,14.72,5.341691367597597,20.53,8.96,-2.6799999999999997,9.97,False,False,True,False,False
MX,2025-12-25 20:47:28.588604,19.97,19.2,45,1015,3.09,scattered clouds,40,19.4285,-99.1277,20,3,25,12,0,8.96,11.64,20.53,87.0,1024.0,14.58,5.142275760789187,19.97,8.96,11.009999999999998,17.75,False,False,True,False,False
MX,2025-12-26 02:47:28.609522,14.97,14.04,58,1019,5.14,light rain,40,19.4285,-99.1277,2,4,26,12,0,19.97,8.96,17.75,45.0,1015.0,13.885,4.743420003893116,19.97,8.96,-4.999999999999998,13.86,False,False,True,False,False
MX,2025-12-26 08:47:28.613962,9.97,9.11,81,1019,2.06,light rain,0,19.4285,-99.1277,8,4,26,12,0,14.97,19.97,11.64,58.0,1019.0,13.467500000000001,5.0691904350366155,19.97,8.96,-5.0,9.96,False,False,True,False,False
MX,2025-12-26 14:47:28.614398,9.97,8.74,87,1022,2.57,mist,100,19.4285,-99.1277,14,4,26,12,0,9.97,14.97,8.96,81.0,1019.0,13.72,4.787135538781694,19.97,9.97,0.0,7.96,False,False,True,False,False
MX,2025-12-26 20:47:28.594085,17.75,16.68,42,1014,2.57,scattered clouds,40,19.4285,-99.1277,20,4,26,12,0,9.97,9.97,19.97,87.0,1022.0,13.165000000000001,3.859892053758333,17.75,9.97,7.779999999999999,19.97,False,False,True,False,False
MX,2025-12-27 02:47:28.615368,13.86,12.82,58,1017,2.57,broken clouds,75,19.4285,-99.1277,2,5,27,12,1,17.75,9.97,14.97,42.0,1014.0,12.887500000000001,3.7243914491721637,17.75,9.97,-3.8900000000000006,16.64,False,False,True,False,False
MX,2025-12-27 08:47:28.576121,9.96,9.1,81,1016,2.06,light rain,0,19.4285,-99.1277,8,5,27,12,1,13.86,17.75,9.97,58.0,1017.0,12.885,3.7270050532118586,17.75,9.96,-3.8999999999999986,12.75,False,False,True,False,False
MX,2025-12-27 14:47:28.578061,7.96,6.0,81,1019,3.09,clear sky,0,19.4285,-99.1277,14,5,27,12,1,9.96,13.86,9.97,81.0,1016.0,12.3825,4.3366682679986885,17.75,7.96,-2.000000000000001,8.96,False,False,True,False,False
MX,2025-12-27 20:47:28.587923,19.97,18.75,28,1012,3.09,scattered clouds,40,19.4285,-99.1277,20,5,27,12,1,7.96,9.96,17.75,81.0,1019.0,12.9375,5.289866885533768,19.97,7.96,12.009999999999998,21.64,False,False,True,False,False
MX,2025-12-28 02:47:28.601060,16.64,15.53,45,1015,3.09,broken clouds,75,19.4285,-99.1277,2,6,28,12,1,19.97,7.96,13.86,28.0,1012.0,13.6325,5.623565743073224,19.97,7.96,-3.3299999999999983,16.64,False,False,True,False,False
MX,2025-12-28 08:47:28.595271,12.75,11.6,58,1015,0.0,clear sky,0,19.4285,-99.1277,8,6,28,12,1,16.64,19.97,9.96,45.0,1015.0,14.33,5.171041158864112,19.97,7.96,-3.8900000000000006,12.75,False,False,True,False,False
MX,2025-12-28 14:47:28.593289,8.96,8.42,71,1018,1.54,clear sky,0,19.4285,-99.1277,14,6,28,12,1,12.75,16.64,7.96,58.0,1015.0,14.58,4.768962151244232,19.97,8.96,-3.789999999999999,9.96,False,False,True,False,False
MX,2025-12-28 20:47:28.613442,21.64,20.49,24,1012,3.09,scattered clouds,40,19.4285,-99.1277,20,6,28,12,1,8.96,12.75,19.97,71.0,1018.0,14.9975,5.42596458398566,21.64,8.96,12.68,20.53,False,False,True,False,False
MX,2025-12-29 02:47:28.580149,16.64,15.61,48,1015,5.14,volcanic ash,40,19.4285,-99.1277,2,0,29,12,0,21.64,8.96,16.64,24.0,1012.0,14.9975,5.42596458398566,21.64,8.96,-5.0,14.97,False,False,True,False,False
MX,2025-12-29 08:47:28.611095,12.75,11.39,50,1016,2.06,clear sky,0,19.4285,-99.1277,8,0,29,12,0,16.64,21.64,12.75,48.0,1015.0,14.9975,5.42596458398566,21.64,8.96,-3.8900000000000006,10.53,False,False,True,False,False
MX,2025-12-29 14:47:28.601646,9.96,9.1,66,1020,2.06,smoke,40,19.4285,-99.1277,14,0,29,12,0,12.75,16.64,8.96,50.0,1016.0,15.2475,5.0661713025387005,21.64,9.96,-2.789999999999999,10.53,False,False,True,False,False
MX,2025-12-29 20:47:28.565543,20.53,19.32,26,1014,6.17,scattered clouds,40,19.4285,-99.1277,20,0,29,12,0,9.96,12.75,21.64,66.0,1020.0,14.97,4.609085231004813,20.53,9.96,10.57,15.53,False,False,True,False,False
MX,2025-12-30 02:47:28.601921,14.97,13.85,51,1021,6.17,scattered clouds,40,19.4285,-99.1277,2,1,30,12,0,20.53,9.96,16.64,26.0,1014.0,14.5525,4.481252615062002,20.53,9.96,-5.5600000000000005,13.86,False,False,True,False,False
MX,2025-12-30 08:47:28.639552,10.53,9.36,66,1022,3.09,broken clouds,75,19.4285,-99.1277,8,1,30,12,0,14.97,20.53,12.75,51.0,1021.0,13.9975,4.897083315607367,20.53,9.96,-4.440000000000001,6.96,False,False,True,False,False
MX,2025-12-30 14:47:28.592555,10.53,9.36,66,1025,3.09,scattered clouds,40,19.4285,-99.1277,14,1,30,12,0,10.53,14.97,9.96,66.0,1022.0,14.14,4.74640916904559,20.53,10.53,0.0,4.96,False,False,True,False,False
MX,2025-12-30 20:47:28.623017,15.53,14.29,44,1018,2.06,broken clouds,75,19.4285,-99.1277,20,1,30,12,0,10.53,10.53,20.53,66.0,1025.0,12.89,2.734666341621966,15.53,10.53,5.0,18.86,False,False,True,False,False
MX,2025-12-31 02:47:28.606396,13.86,12.71,54,1021,4.12,clear sky,0,19.4285,-99.1277,2,2,31,12,0,15.53,10.53,14.97,44.0,1018.0,12.6125,2.4994449383813344,15.53,10.53,-1.67,16.64,False,False,True,False,False
MX,2025-12-31 08:47:28.626893,6.96,5.6,81,1023,2.06,clear sky,0,19.4285,-99.1277,8,2,31,12,0,13.86,15.53,10.53,54.0,1021.0,11.719999999999999,3.7933889861178347,15.53,6.96,-6.8999999999999995,10.53,False,False,True,False,False
MX,2025-12-31 14:47:28.652580,4.96,4.96,100,1024,0.0,fog,100,19.4285,-99.1277,14,2,31,12,0,6.96,13.86,10.53,81.0,1023.0,10.327499999999999,5.1541140525474205,15.53,4.96,-2.0,6.96,False,False,True,False,False
MX,2025-12-31 20:47:28.613443,18.86,17.77,37,1016,2.06,clear sky,0,19.4285,-99.1277,20,2,31,12,0,4.96,6.96,15.53,100.0,1024.0,11.16,6.394268266710959,18.86,4.96,13.899999999999999,19.97,False,False,True,False,False
MX,2026-01-01 02:47:28.610967,16.64,15.61,48,1019,5.14,broken clouds,75,19.4285,-99.1277,2,3,1,1,0,18.86,4.96,13.86,37.0,1016.0,11.855,6.915400687354765,18.86,4.96,-2.219999999999999,16.64,False,False,True,False,False
MX,2026-01-01 08:47:28.624423,10.53,9.36,66,1019,2.06,scattered clouds,40,19.4285,-99.1277,8,3,1,1,0,16.64,18.86,6.96,48.0,1019.0,12.747499999999999,6.273666524980966,18.86,4.96,-6.110000000000001,11.64,False,False,True,False,False
MX,2026-01-01 14:47:28.591429,6.96,5.6,81,1022,2.06,haze,0,19.4285,-99.1277,14,3,1,1,0,10.53,16.64,4.96,66.0,1019.0,13.247499999999999,5.47499391171656,18.86,6.96,-3.5699999999999994,6.96,False,False,True,False,False
MX,2026-01-01 20:47:28.601970,19.97,18.75,28,1014,4.12,clear sky,0,19.4285,-99.1277,20,3,1,1,0,6.96,10.53,18.86,81.0,1022.0,13.524999999999999,5.868290494968138,19.97,6.96,13.009999999999998,21.64,False,False,True,False,False
MX,2026-01-02 02:47:28.661776,16.64,15.17,31,1017,4.12,clear sky,0,19.4285,-99.1277,2,4,2,1,0,19.97,6.96,16.64,28.0,1014.0,13.524999999999999,5.868290494968138,19.97,6.96,-3.3299999999999983,15.53,False,False,True,False,False
MX,2026-01-02 08:47:28.594148,11.64,9.98,43,1017,1.54,clear sky,0,19.4285,-99.1277,8,4,2,1,0,16.64,19.97,10.53,31.0,1017.0,13.802499999999998,5.70338130702598,19.97,6.96,-5.0,9.96,False,False,True,False,False
MX,2026-01-02 14:47:28.586899,6.96,5.6,65,1019,2.06,clear sky,0,19.4285,-99.1277,14,4,2,1,0,11.64,16.64,6.96,43.0,1017.0,13.802499999999998,5.70338130702598,19.97,6.96,-4.680000000000001,8.96,False,False,True,False,False
MX,2026-01-02 20:47:28.652242,21.64,20.41,21,1011,2.06,clear sky,0,19.4285,-99.1277,20,4,2,1,0,6.96,11.64,19.97,65.0,1019.0,14.219999999999999,6.331845439259135,21.64,6.96,14.68,21.64,False,False,True,False,False
MX,2026-01-03 02:47:28.626431,15.53,14.29,44,1015,6.17,clear sky,0,19.4285,-99.1277,2,5,3,1,1,21.64,6.96,16.64,21.0,1011.0,13.942499999999999,6.213653648753422,21.64,6.96,-6.110000000000001,17.75,False,False,True,False,False
MX,2026-01-03 08:47:28.633755,9.96,8.73,53,1016,2.57,clear sky,0,19.4285,-99.1277,8,5,3,1,1,15.53,21.64,11.64,44.0,1015.0,13.522499999999999,6.472549085690021,21.64,6.96,-5.5699999999999985,12.96,False,False,True,False,False
MX,2026-01-03 14:47:28.614718,8.96,7.93,61,1018,2.06,clear sky,0,19.4285,-99.1277,14,5,3,1,1,9.96,15.53,6.96,53.0,1016.0,14.0225,5.843277476439631,21.64,8.96,-1.0,7.96,False,False,True,False,False
MX,2026-01-03 20:47:28.606350,21.64,20.46,23,1012,3.6,clear sky,0,19.4285,-99.1277,20,5,3,1,1,8.96,9.96,21.64,61.0,1018.0,14.0225,5.843277476439631,21.64,8.96,12.68,21.64,False,False,True,False,False
MX,2026-01-04 02:47:28.608139,17.75,16.47,34,1017,6.17,clear sky,0,19.4285,-99.1277,2,6,4,1,1,21.64,8.96,15.53,23.0,1012.0,14.5775,6.1324621210951396,21.64,8.96,-3.8900000000000006,18.86,False,False,True,False,False
MX,2026-01-04 08:47:28.643528,12.96,11.54,47,1018,2.57,clear sky,0,19.4285,-99.1277,8,6,4,1,1,17.75,21.64,9.96,34.0,1017.0,15.3275,5.533723128840715,21.64,8.96,-4.789999999999999,10.96,False,False,True,False,False
MX,2026-01-04 14:47:28.633609,7.96,7.96,66,1021,0.0,clear sky,0,19.4285,-99.1277,14,6,4,1,1,12.96,17.75,8.96,47.0,1018.0,15.0775,5.925967572191623,21.64,7.96,-5.000000000000001,9.96,False,False,True,False,False
MX,2026-01-04 20:47:28.601727,21.64,20.49,24,1014,3.09,clear sky,0,19.4285,-99.1277,20,6,4,1,1,7.96,12.96,21.64,66.0,1021.0,15.0775,5.925967572191623,21.64,7.96,13.68,21.64,False,False,True,False,False
MX,2026-01-05 02:47:28.599103,18.86,17.77,37,1016,5.14,clear sky,0,19.4285,-99.1277,2,0,5,1,0,21.64,7.96,17.75,24.0,1014.0,15.355,6.115780135572785,21.64,7.96,-2.780000000000001,16.64,False,False,True,False,False
MX,2026-01-05 08:47:28.639139,10.96,9.63,58,1017,0.0,clear sky,0,19.4285,-99.1277,8,0,5,1,0,18.86,21.64,12.96,37.0,1016.0,14.855,6.449503856886979,21.64,7.96,-7.899999999999999,12.75,False,False,True,False,False
MX,2026-01-05 14:47:28.585882,9.96,9.1,57,1020,2.06,clear sky,0,19.4285,-99.1277,14,0,5,1,0,10.96,18.86,7.96,58.0,1017.0,15.355,5.779512666883487,21.64,9.96,-1.0,8.96,False,False,True,False,False
MX,2026-01-05 20:47:28.603001,21.64,20.41,21,1013,2.06,clear sky,0,19.4285,-99.1277,20,0,5,1,0,9.96,10.96,21.64,57.0,1020.0,15.355,5.779512666883487,21.64,9.96,11.68,22.75,False,False,True,False,False
MX,2025-11-06 08:47:28.553398,19.76,19.62,70,1018,0.79,clear sky,0,25.6667,-100.3167,8,3,6,11,0,21.05,30.49,26.98,62.0,1021.0,24.57,5.045823355343836,30.49,19.76,-1.2899999999999991,19.2,False,False,False,True,False
MX,2025-11-06 14:47:28.582949,13.37,12.04,49,1019,0.68,clear sky,0,25.6667,-100.3167,14,3,6,11,0,19.76,21.05,26.98,70.0,1018.0,21.1675,7.064108223972789,30.49,13.37,-6.390000000000002,17.37,False,False,False,True,False
MX,2025-11-06 20:47:28.566501,30.07,29.06,33,1013,10.28,clear sky,2,25.6667,-100.3167,20,3,6,11,0,13.37,19.76,30.49,49.0,1019.0,21.0625,6.880074490875808,30.07,13.37,16.700000000000003,35.31,False,False,False,True,False
MX,2025-11-07 02:47:28.578127,21.05,20.91,65,1016,4.92,clear sky,0,25.6667,-100.3167,2,4,7,11,0,30.07,13.37,21.05,33.0,1013.0,21.0625,6.880074490875808,30.07,13.37,-9.02,24.13,False,False,False,True,False
MX,2025-11-07 08:47:28.595850,19.2,18.64,56,1013,1.54,clear sky,0,25.6667,-100.3167,8,4,7,11,0,21.05,30.07,19.76,65.0,1016.0,20.9225,6.92098921156988,30.07,13.37,-1.8500000000000014,23.65,False,False,False,True,False
MX,2025-11-07 14:47:28.604093,17.37,16.0,32,1013,0.7,clear sky,0,25.6667,-100.3167,14,4,7,11,0,19.2,21.05,13.37,56.0,1013.0,21.922500000000003,5.635609254256958,30.07,17.37,-1.8299999999999983,26.43,False,False,False,True,False
MX,2025-11-07 20:47:28.597468,35.31,32.58,9,1007,2.49,clear sky,0,25.6667,-100.3167,20,4,7,11,0,17.37,19.2,30.07,32.0,1013.0,23.2325,8.190630317625134,35.31,17.37,17.94,30.71,False,False,False,True,False
MX,2025-11-08 02:47:28.585424,24.13,23.67,41,1013,6.26,clear sky,0,25.6667,-100.3167,2,5,8,11,1,35.31,17.37,21.05,9.0,1007.0,24.0025,8.060807961984953,35.31,17.37,-11.180000000000003,22.33,False,False,False,True,False
MX,2025-11-08 08:47:28.586218,23.65,22.83,29,1012,1.74,clear sky,0,25.6667,-100.3167,8,5,8,11,1,24.13,35.31,19.2,41.0,1013.0,25.115000000000002,7.46189207462379,35.31,17.37,-0.4800000000000004,22.54,False,False,False,True,False
MX,2025-11-08 14:47:28.598705,26.43,26.43,36,1014,0.76,clear sky,0,25.6667,-100.3167,14,5,8,11,1,23.65,24.13,17.37,29.0,1012.0,27.38,5.424106685283146,35.31,23.65,2.780000000000001,23.09,False,False,False,True,False
MX,2025-11-08 20:47:28.600730,30.71,29.53,31,1009,13.41,clear sky,4,25.6667,-100.3167,20,5,8,11,1,26.43,23.65,35.31,36.0,1014.0,26.23,3.2237038739106683,30.71,23.65,4.280000000000001,26.17,False,False,False,True,False
MX,2025-11-09 02:47:28.588414,22.33,22.11,57,1014,4.47,scattered clouds,36,25.6667,-100.3167,2,6,9,11,1,30.71,26.43,24.13,31.0,1009.0,25.78,3.704357794094228,30.71,22.33,-8.380000000000003,18.1,False,False,False,True,False
MX,2025-11-09 08:47:28.592463,22.54,21.92,41,1014,1.18,few clouds,24,25.6667,-100.3167,8,6,9,11,1,22.33,30.71,23.65,57.0,1014.0,25.502499999999998,3.9505052419490165,30.71,22.33,0.21000000000000085,18.09,False,False,False,True,False
MX,2025-11-09 14:47:28.653528,23.09,22.5,40,1023,2.94,overcast clouds,100,25.6667,-100.3167,14,6,9,11,1,22.54,22.33,26.43,41.0,1014.0,24.6675,4.04105906085686,30.71,22.33,0.5500000000000007,14.19,False,False,False,True,False
MX,2025-11-09 20:47:28.610853,26.17,26.17,49,1026,3.22,overcast clouds,100,25.6667,-100.3167,20,6,9,11,1,23.09,22.54,30.71,40.0,1023.0,23.5325,1.78729544284094,26.17,22.33,3.080000000000002,18.12,False,False,False,True,False
MX,2025-11-10 02:47:28.561429,18.1,16.88,35,1031,1.55,overcast clouds,94,25.6667,-100.3167,2,0,10,11,0,26.17,23.09,22.33,49.0,1026.0,22.475,3.325462373866225,26.17,18.1,-8.07,15.31,False,False,False,True,False
MX,2025-11-10 08:47:28.630272,18.09,16.82,33,1031,0.77,overcast clouds,90,25.6667,-100.3167,8,0,10,11,0,18.1,26.17,22.54,35.0,1031.0,21.3625,3.976995306342046,26.17,18.09,-0.010000000000001563,12.54,False,False,False,True,False
MX,2025-11-10 14:47:28.630727,14.19,12.74,41,1035,2.31,clear sky,0,25.6667,-100.3167,14,0,10,11,0,18.09,18.1,23.09,33.0,1031.0,19.1375,5.036780552429633,26.17,14.19,-3.9000000000000004,14.7,False,False,False,True,False
MX,2025-11-10 20:47:28.629254,18.12,16.95,37,1030,2.8,clear sky,0,25.6667,-100.3167,20,0,10,11,0,14.19,18.09,26.17,41.0,1035.0,17.125,1.9567064164048809,18.12,14.19,3.9300000000000015,20.31,False,False,False,True,False
MX,2025-11-11 02:47:28.633444,15.31,13.73,32,1032,2.95,clear sky,0,25.6667,-100.3167,2,1,11,11,0,18.12,14.19,18.1,37.0,1030.0,16.4275,1.99028264324443,18.12,14.19,-2.8100000000000005,16.43,False,False,False,True,False
MX,2025-11-11 08:47:28.588278,12.54,10.97,43,1029,2.09,few clouds,18,25.6667,-100.3167,8,1,11,11,0,15.31,18.12,18.09,32.0,1032.0,15.04,2.3474667196789065,18.12,12.54,-2.7700000000000014,14.2,False,False,False,True,False
MX,2025-11-11 14:47:28.592322,14.7,13.27,40,1028,1.42,scattered clouds,43,25.6667,-100.3167,14,1,11,11,0,12.54,15.31,14.19,43.0,1029.0,15.167499999999999,2.2992661872867277,18.12,12.54,2.16,11.37,False,False,False,True,False
MX,2025-11-11 20:47:28.582656,20.31,19.41,39,1021,2.68,clear sky,3,25.6667,-100.3167,20,1,11,11,0,14.7,12.54,18.12,40.0,1028.0,15.715,3.2857723597352315,20.31,12.54,5.609999999999999,29.94,False,False,False,True,False
MX,2025-11-12 02:47:28.627674,16.43,15.67,59,1022,0.8,scattered clouds,28,25.6667,-100.3167,2,2,12,11,0,20.31,14.7,15.31,39.0,1021.0,15.995,3.287476235655557,20.31,12.54,-3.879999999999999,22.44,False,False,False,True,False
MX,2025-11-12 08:47:28.601525,14.2,13.35,64,1020,1.22,overcast clouds,93,25.6667,-100.3167,8,2,12,11,0,16.43,20.31,12.54,59.0,1022.0,16.41,2.769993983146297,20.31,14.2,-2.2300000000000004,17.54,False,False,False,True,False
MX,2025-11-12 14:47:28.614792,11.37,9.82,48,1020,0.38,broken clouds,74,25.6667,-100.3167,14,2,12,11,0,14.2,16.43,14.7,64.0,1020.0,15.5775,3.773763594432844,20.31,11.37,-2.83,21.36,False,False,False,True,False
MX,2025-11-12 20:47:28.615077,29.94,28.77,31,1017,11.18,scattered clouds,30,25.6667,-100.3167,20,2,12,11,0,11.37,14.2,20.31,48.0,1020.0,17.985,8.2345714318759,29.94,11.37,18.57,26.99,False,False,False,True,False
MX,2025-11-13 02:47:28.551303,22.44,22.28,59,1021,7.15,broken clouds,77,25.6667,-100.3167,2,3,13,11,0,29.94,11.37,16.43,31.0,1017.0,19.4875,8.402846243981857,29.94,11.37,-7.5,22.04,False,False,False,True,False
MX,2025-11-13 08:47:28.570539,17.54,17.13,68,1020,0.52,overcast clouds,96,25.6667,-100.3167,8,3,13,11,0,22.44,29.94,14.2,59.0,1021.0,20.322499999999998,7.8500461782081254,29.94,11.37,-4.900000000000002,16.43,False,False,False,True,False
MX,2025-11-13 14:47:28.620716,21.36,20.96,54,1021,1.03,clear sky,5,25.6667,-100.3167,14,3,13,11,0,17.54,22.44,11.37,68.0,1020.0,22.82,5.19130041511758,29.94,17.54,3.8200000000000003,18.63,False,False,False,True,False
MX,2025-11-13 20:47:28.593381,26.99,26.81,39,1018,2.98,clear sky,0,25.6667,-100.3167,20,3,13,11,0,21.36,17.54,29.94,54.0,1021.0,22.0825,3.8887733713001706,26.99,17.54,5.629999999999999,26.46,False,False,False,True,False
MX,2025-11-14 02:47:28.603724,22.04,21.87,60,1019,2.24,overcast clouds,98,25.6667,-100.3167,2,4,14,11,0,26.99,21.36,22.44,39.0,1018.0,21.9825,3.8816523543460146,26.99,17.54,-4.949999999999999,22.79,False,False,False,True,False
MX,2025-11-14 08:47:28.602955,16.43,15.96,70,1019,0.42,clear sky,1,25.6667,-100.3167,8,4,14,11,0,22.04,26.99,17.54,60.0,1019.0,21.705,4.320034722082678,26.99,16.43,-5.609999999999999,17.54,False,False,False,True,False
MX,2025-11-14 14:47:28.562220,18.63,17.91,52,1020,1.03,clear sky,1,25.6667,-100.3167,14,4,14,11,0,16.43,22.04,21.36,70.0,1019.0,21.022499999999997,4.599328755372893,26.99,16.43,2.1999999999999993,20.31,False,False,False,True,False
MX,2025-11-14 20:47:28.625213,26.46,26.46,44,1016,2.71,clear sky,7,25.6667,-100.3167,20,4,14,11,0,18.63,16.43,26.99,52.0,1020.0,20.89,4.372131440537133,26.46,16.43,7.830000000000002,27.0,False,False,False,True,False
MX,2025-11-15 02:47:28.590563,22.79,22.74,62,1018,4.47,few clouds,19,25.6667,-100.3167,2,5,15,11,1,26.46,18.63,22.04,44.0,1016.0,21.0775,4.453218873279564,26.46,16.43,-3.6700000000000017,22.12,False,False,False,True,False
MX,2025-11-15 08:47:28.600652,17.54,16.45,42,1015,0.21,scattered clouds,43,25.6667,-100.3167,8,5,15,11,1,22.79,26.46,16.43,62.0,1018.0,21.354999999999997,4.086567426745007,26.46,17.54,-5.25,20.31,False,False,False,True,False
MX,2025-11-15 14:47:28.604894,20.31,20.2,69,1016,0.95,overcast clouds,98,25.6667,-100.3167,14,5,15,11,1,17.54,22.79,18.63,42.0,1015.0,21.775,3.7886189216300585,26.46,17.54,2.7699999999999996,15.37,False,False,False,True,False
MX,2025-11-15 20:47:28.634487,27.0,27.42,50,1012,2.36,clear sky,0,25.6667,-100.3167,20,5,15,11,1,20.31,17.54,26.46,69.0,1016.0,21.91,4.014116756315555,27.0,17.54,6.690000000000001,30.57,False,False,False,True,False
MX,2025-11-16 02:47:28.602476,22.12,22.03,63,1014,5.81,clear sky,0,25.6667,-100.3167,2,6,16,11,1,27.0,20.31,22.79,50.0,1012.0,21.7425,3.9789812347718656,27.0,17.54,-4.879999999999999,25.87,False,False,False,True,False
MX,2025-11-16 08:47:28.574486,20.31,20.12,66,1012,1.1,clear sky,0,25.6667,-100.3167,8,6,16,11,1,22.12,27.0,17.54,63.0,1014.0,22.435000000000002,3.1606803065163005,27.0,20.31,-1.8100000000000023,20.87,False,False,False,True,False
MX,2025-11-16 14:47:28.579346,15.37,14.24,49,1013,0.43,clear sky,0,25.6667,-100.3167,14,6,16,11,1,20.31,22.12,20.31,66.0,1012.0,21.2,4.805115329868089,27.0,15.37,-4.9399999999999995,23.65,False,False,False,True,False
MX,2025-11-16 20:47:28.614488,30.57,29.57,33,1008,14.31,clear sky,6,25.6667,-100.3167,20,6,16,11,1,15.37,20.31,27.0,49.0,1013.0,22.0925,6.330826038783037,30.57,15.37,15.200000000000001,30.32,False,False,False,True,False
MX,2025-11-17 02:47:28.581391,25.87,25.95,55,1012,1.85,overcast clouds,87,25.6667,-100.3167,2,0,17,11,0,30.57,15.37,22.12,33.0,1008.0,23.029999999999998,6.607853912832314,30.57,15.37,-4.699999999999999,23.27,False,False,False,True,False
MX,2025-11-17 08:47:28.697388,20.87,20.76,67,1011,0.83,overcast clouds,89,25.6667,-100.3167,8,0,17,11,0,25.87,30.57,20.31,55.0,1012.0,23.17,6.5365638271699495,30.57,15.37,-5.0,19.76,False,False,False,True,False
MX,2025-11-17 14:47:28.611686,23.65,23.74,64,1013,1.52,broken clouds,60,25.6667,-100.3167,14,0,17,11,0,20.87,25.87,15.37,67.0,1011.0,25.240000000000002,4.100032520196228,30.57,20.87,2.7799999999999976,23.82,False,False,False,True,False
MX,2025-11-17 20:47:28.596053,30.32,29.5,35,1009,9.39,scattered clouds,29,25.6667,-100.3167,20,0,17,11,0,23.65,20.87,30.57,64.0,1013.0,25.177500000000002,3.9921871616112017,30.32,20.87,6.670000000000002,27.56,False,False,False,True,False
MX,2025-11-18 02:47:28.596622,23.27,23.38,66,1012,5.81,clear sky,5,25.6667,-100.3167,2,1,18,11,0,30.32,23.65,25.87,35.0,1009.0,24.5275,4.053051319684958,30.32,20.87,-7.050000000000001,22.76,False,False,False,True,False
MX,2025-11-18 08:47:28.627097,19.76,18.37,22,1013,0.55,scattered clouds,44,25.6667,-100.3167,8,1,18,11,0,23.27,30.32,20.87,66.0,1012.0,24.25,4.409285656430072,30.32,19.76,-3.509999999999998,21.43,False,False,False,True,False
MX,2025-11-18 14:47:28.607383,23.82,23.82,60,1015,5.36,scattered clouds,36,25.6667,-100.3167,14,1,18,11,0,19.76,23.27,23.65,22.0,1013.0,24.292499999999997,4.402388556227173,30.32,19.76,4.059999999999999,22.54,False,False,False,True,False
MX,2025-11-18 20:47:28.580352,27.56,29.11,63,1012,2.22,clear sky,4,25.6667,-100.3167,20,1,18,11,0,23.82,19.76,30.32,60.0,1015.0,23.6025,3.1929336040700838,27.56,19.76,3.7399999999999984,26.89,False,False,False,True,False
MX,2025-11-19 02:47:28.609500,22.76,22.76,64,1016,4.92,scattered clouds,41,25.6667,-100.3167,2,2,19,11,0,27.56,23.82,23.27,63.0,1012.0,23.475,3.220698681963275,27.56,19.76,-4.799999999999997,22.77,False,False,False,True,False
MX,2025-11-19 08:47:28.592594,21.43,19.86,9,1016,0.47,broken clouds,73,25.6667,-100.3167,8,2,19,11,0,22.76,27.56,19.76,64.0,1016.0,23.8925,2.633266349359032,27.56,21.43,-1.3300000000000018,21.99,False,False,False,True,False
MX,2025-11-19 14:47:28.629643,22.54,20.88,1,1018,1.34,overcast clouds,100,25.6667,-100.3167,14,2,19,11,0,21.43,22.76,23.82,9.0,1016.0,23.5725,2.7213155519588894,27.56,21.43,1.1099999999999994,21.43,False,False,False,True,False
MX,2025-11-19 20:47:28.601055,26.89,27.04,45,1013,2.44,scattered clouds,41,25.6667,-100.3167,20,2,19,11,0,22.54,21.43,27.56,1.0,1018.0,23.405,2.395140914434888,26.89,21.43,4.350000000000001,25.88,False,False,False,True,False
MX,2025-11-20 02:47:28.601118,22.77,22.72,62,1016,4.47,few clouds,12,25.6667,-100.3167,2,3,20,11,0,26.89,22.54,22.76,45.0,1013.0,23.4075,2.39424831627799,26.89,21.43,-4.120000000000001,22.36,False,False,False,True,False
MX,2025-11-20 08:47:28.658302,21.99,20.27,1,1015,0.49,broken clouds,57,25.6667,-100.3167,8,3,20,11,0,22.77,26.89,21.43,62.0,1016.0,23.5475,2.2522340760527815,26.89,21.99,-0.7800000000000011,20.31,False,False,False,True,False
MX,2025-11-20 14:47:28.641278,21.43,19.65,1,1015,1.31,overcast clouds,98,25.6667,-100.3167,14,3,20,11,0,21.99,22.77,22.54,1.0,1015.0,23.27,2.4751026914722805,26.89,21.43,-0.5599999999999987,23.27,False,False,False,True,False
MX,2025-11-20 20:47:28.661071,25.88,26.3,68,1011,2.09,scattered clouds,34,25.6667,-100.3167,20,3,20,11,0,21.43,21.99,26.89,1.0,1015.0,23.0175,1.985873023802544,25.88,21.43,4.449999999999999,30.58,False,False,False,True,False
MX,2025-11-21 02:47:28.613192,22.36,22.27,62,1013,2.68,clear sky,2,25.6667,-100.3167,2,4,21,11,0,25.88,21.43,22.77,68.0,1011.0,22.915,2.013297461049077,25.88,21.43,-3.5199999999999996,26.43,False,False,False,True,False
MX,2025-11-21 08:47:28.602549,20.31,19.6,46,1013,0.51,clear sky,4,25.6667,-100.3167,8,4,21,11,0,22.36,25.88,21.99,62.0,1013.0,22.494999999999997,2.4072736999906468,25.88,20.31,-2.0500000000000007,22.54,False,False,False,True,False
MX,2025-11-21 14:47:28.581260,23.27,23.25,61,1016,6.71,clear sky,0,25.6667,-100.3167,14,4,21,11,0,20.31,22.36,21.43,46.0,1013.0,22.955,2.309754676727955,25.88,20.31,2.960000000000001,22.53,False,False,False,True,False
MX,2025-11-21 20:47:28.616362,30.58,29.68,34,1010,11.62,clear sky,1,25.6667,-100.3167,20,4,21,11,0,23.27,20.31,25.88,61.0,1016.0,24.13,4.4746470996791095,30.58,20.31,7.309999999999999,24.2,False,False,False,True,False
MX,2025-11-22 02:47:28.619188,26.43,26.43,69,1016,1.89,few clouds,24,25.6667,-100.3167,2,5,22,11,1,30.58,23.27,22.36,34.0,1010.0,25.1475,4.400124051281586,30.58,20.31,-4.149999999999999,23.49,False,False,False,True,False
MX,2025-11-22 08:47:28.601847,22.54,22.34,57,1017,1.2,scattered clouds,34,25.6667,-100.3167,8,5,22,11,1,26.43,30.58,20.31,69.0,1016.0,25.705,3.6623171171632145,30.58,22.54,-3.8900000000000006,22.54,False,False,False,True,False
MX,2025-11-22 14:47:28.629900,22.53,22.51,64,1020,1.78,scattered clouds,50,25.6667,-100.3167,14,5,22,11,1,22.54,26.43,23.27,57.0,1017.0,25.52,3.8406683446157315,30.58,22.53,-0.00999999999999801,21.43,False,False,False,True,False
MX,2025-11-22 20:47:28.579356,24.2,24.29,62,1017,2.51,overcast clouds,100,25.6667,-100.3167,20,5,22,11,1,22.53,22.54,30.58,64.0,1020.0,23.925,1.8452551765722487,26.43,22.53,1.6699999999999982,25.87,False,False,False,True,False
MX,2025-11-23 02:47:28.621862,23.49,23.38,57,1020,4.47,overcast clouds,100,25.6667,-100.3167,2,6,23,11,1,24.2,22.53,26.43,62.0,1017.0,23.189999999999998,0.8099794236069675,24.2,22.53,-0.7100000000000009,23.15,False,False,False,True,False
MX,2025-11-23 08:47:28.575165,22.54,20.88,1,1018,0.82,overcast clouds,91,25.6667,-100.3167,8,6,23,11,1,23.49,24.2,22.54,57.0,1020.0,23.19,0.8099794236069675,24.2,22.53,-0.9499999999999993,20.87,False,False,False,True,False
MX,2025-11-23 14:47:28.585142,21.43,19.65,1,1019,1.2,overcast clouds,100,25.6667,-100.3167,14,6,23,11,1,22.54,23.49,22.53,1.0,1018.0,22.915,1.2010689683222506,24.2,21.43,-1.1099999999999994,22.53,False,False,False,True,False
MX,2025-11-23 20:47:28.615283,25.87,26.29,68,1014,1.82,overcast clouds,96,25.6667,-100.3167,20,6,23,11,1,21.43,22.54,24.2,1.0,1019.0,23.3325,1.8895568263484464,25.87,21.43,4.440000000000001,29.94,False,False,False,True,False
MX,2025-11-24 02:47:28.553743,23.15,23.19,64,1014,4.02,scattered clouds,30,25.6667,-100.3167,2,0,24,11,0,25.87,21.43,23.49,68.0,1014.0,23.247500000000002,1.8877566050738672,25.87,21.43,-2.7200000000000024,24.34,False,False,False,True,False
MX,2025-11-24 08:47:28.646858,20.87,19.04,1,1013,0.66,overcast clouds,94,25.6667,-100.3167,8,0,24,11,0,23.15,25.87,22.54,64.0,1014.0,22.83,2.2468941526768345,25.87,20.87,-2.2799999999999976,22.54,False,False,False,True,False
MX,2025-11-24 14:47:28.617108,22.53,21.99,44,1014,1.44,scattered clouds,35,25.6667,-100.3167,14,0,24,11,0,20.87,23.15,21.43,1.0,1013.0,23.105,2.0795111605054393,25.87,20.87,1.6600000000000001,24.38,False,False,False,True,False
MX,2025-11-24 20:47:28.574030,29.94,30.11,44,1010,7.15,clear sky,4,25.6667,-100.3167,20,0,24,11,0,22.53,20.87,25.87,44.0,1014.0,24.122500000000002,3.9959927844446046,29.94,20.87,7.41,27.0,False,False,False,True,False
MX,2025-11-25 02:47:28.619367,24.34,24.61,68,1015,9.83,broken clouds,63,25.6667,-100.3167,2,1,25,11,0,29.94,22.53,23.15,44.0,1010.0,24.419999999999998,3.9434080015472244,29.94,20.87,-5.600000000000001,23.62,False,False,False,True,False
MX,2025-11-25 08:47:28.618663,22.54,22.68,70,1014,1.01,clear sky,0,25.6667,-100.3167,8,1,25,11,0,24.34,29.94,20.87,68.0,1015.0,24.837500000000002,3.5064737747961763,29.94,22.53,-1.8000000000000007,20.87,False,False,False,True,False
MX,2025-11-25 14:47:28.603265,24.38,24.36,57,1017,4.92,clear sky,0,25.6667,-100.3167,14,1,25,11,0,22.54,24.34,22.53,70.0,1014.0,25.3,3.2101505676006346,29.94,22.54,1.8399999999999999,19.75,False,False,False,True,False
MX,2025-11-25 20:47:28.611424,27.0,28.23,62,1013,2.06,broken clouds,57,25.6667,-100.3167,20,1,25,11,0,24.38,22.54,29.94,57.0,1017.0,24.564999999999998,1.836182634344055,27.0,22.54,2.620000000000001,18.09,False,False,False,True,False
MX,2025-11-26 02:47:28.598219,23.62,23.76,66,1018,6.26,overcast clouds,92,25.6667,-100.3167,2,2,26,11,0,27.0,24.38,24.34,62.0,1013.0,24.385,1.8997806890972109,27.0,22.54,-3.379999999999999,14.76,False,False,False,True,False
MX,2025-11-26 08:47:28.576267,20.87,19.04,1,1020,0.37,broken clouds,54,25.6667,-100.3167,8,2,26,11,0,23.62,27.0,22.54,66.0,1018.0,23.9675,2.5220015199572483,27.0,20.87,-2.75,14.95,False,False,False,True,False
MX,2025-11-26 14:47:28.625770,19.75,17.81,1,1024,1.51,overcast clouds,88,25.6667,-100.3167,14,2,26,11,0,20.87,23.62,24.38,1.0,1020.0,22.810000000000002,3.2320994209130816,27.0,19.75,-1.120000000000001,14.2,False,False,False,True,False
MX,2025-11-26 20:47:28.596853,18.09,17.08,43,1023,1.89,overcast clouds,100,25.6667,-100.3167,20,2,26,11,0,19.75,20.87,27.0,1.0,1024.0,20.5825,2.3248422885578055,23.62,18.09,-1.6600000000000001,15.32,False,False,False,True,False
MX,2025-11-27 02:47:28.593325,14.76,12.32,1,1026,1.84,overcast clouds,100,25.6667,-100.3167,2,3,27,11,0,18.09,19.75,23.62,43.0,1023.0,18.3675,2.662384582787902,20.87,14.76,-3.33,15.31,False,False,False,True,False
MX,2025-11-27 08:47:28.657812,14.95,14.77,87,1025,1.4,overcast clouds,100,25.6667,-100.3167,8,3,27,11,0,14.76,18.09,20.87,1.0,1026.0,16.8875,2.4440454851195774,19.75,14.76,0.1899999999999995,16.56,False,False,False,True,False
MX,2025-11-27 14:47:28.615653,14.2,11.7,1,1028,1.79,overcast clouds,94,25.6667,-100.3167,14,3,27,11,0,14.95,14.76,19.75,87.0,1025.0,15.5,1.755771435390553,18.09,14.2,-0.75,16.37,False,False,False,True,False
MX,2025-11-27 20:47:28.664532,15.32,12.93,1,1025,2.28,overcast clouds,100,25.6667,-100.3167,20,3,27,11,0,14.2,14.95,18.09,1.0,1028.0,14.8075,0.46700285509485123,15.32,14.2,1.120000000000001,16.98,False,False,False,True,False
MX,2025-11-28 02:47:28.575225,15.31,12.92,1,1026,2.93,overcast clouds,99,25.6667,-100.3167,2,4,28,11,0,15.32,14.2,14.76,1.0,1025.0,14.945,0.5256424640381279,15.32,14.2,-0.009999999999999787,16.98,False,False,False,True,False
MX,2025-11-28 08:47:28.606756,16.56,16.7,93,1024,2.25,overcast clouds,93,25.6667,-100.3167,8,4,28,11,0,15.31,15.32,14.95,1.0,1026.0,15.3475,0.9642051994605381,16.56,14.2,1.2499999999999982,15.87,False,False,False,True,False
MX,2025-11-28 14:47:28.561344,16.37,16.52,94,1024,1.52,overcast clouds,98,25.6667,-100.3167,14,4,28,11,0,16.56,15.31,14.2,93.0,1024.0,15.89,0.6684808648471022,16.56,15.31,-0.18999999999999773,17.37,False,False,False,True,False
MX,2025-11-28 20:47:28.612675,16.98,15.07,13,1019,1.48,overcast clouds,100,25.6667,-100.3167,20,4,28,11,0,16.37,16.56,15.32,94.0,1024.0,16.305,0.7106100665391153,16.98,15.31,0.6099999999999994,25.92,False,False,False,True,False
MX,2025-11-29 02:47:28.639057,16.98,15.33,23,1018,1.75,broken clouds,73,25.6667,-100.3167,2,5,29,11,1,16.98,16.37,15.31,13.0,1019.0,16.7225,0.3072865112562807,16.98,16.37,0.0,19.76,False,False,False,True,False
MX,2025-11-29 08:47:28.594372,15.87,14.24,28,1015,1.47,overcast clouds,100,25.6667,-100.3167,8,5,29,11,1,16.98,16.98,16.56,23.0,1018.0,16.55,0.5368426212588362,16.98,15.87,-1.1100000000000012,19.2,False,False,False,True,False
MX,2025-11-29 14:47:28.617999,17.37,17.02,71,1016,0.87,overcast clouds,97,25.6667,-100.3167,14,5,29,11,1,15.87,16.98,16.37,28.0,1015.0,16.799999999999997,0.6466838485690328,17.37,15.87,1.5000000000000018,19.75,False,False,False,True,False
MX,2025-11-29 20:47:28.568369,25.92,25.87,50,1012,2.6,broken clouds,53,25.6667,-100.3167,20,5,29,11,1,17.37,15.87,16.98,71.0,1016.0,19.035,4.6337781561054525,25.92,15.87,8.55,14.76,False,False,False,True,False
MX,2025-11-30 02:47:28.661015,19.76,19.88,80,1016,1.83,overcast clouds,85,25.6667,-100.3167,2,6,30,11,1,25.92,17.37,16.98,50.0,1012.0,19.73,4.4266691767061195,25.92,15.87,-6.16,10.32,False,False,False,True,False
MX,2025-11-30 08:47:28.603005,19.2,19.11,74,1016,0.56,broken clouds,84,25.6667,-100.3167,8,6,30,11,1,19.76,25.92,15.87,80.0,1016.0,20.5625,3.7146231302784978,25.92,17.37,-0.5600000000000023,8.95,False,False,False,True,False
MX,2025-11-30 14:47:28.610028,19.75,19.9,81,1020,1.45,overcast clouds,100,25.6667,-100.3167,14,6,30,11,1,19.2,19.76,17.37,74.0,1016.0,21.1575,3.1857639062973093,25.92,19.2,0.5500000000000007,9.37,False,False,False,True,False
MX,2025-11-30 20:47:28.604745,14.76,14.41,81,1019,2.67,overcast clouds,97,25.6667,-100.3167,20,6,30,11,1,19.75,19.2,25.92,81.0,1020.0,18.3675,2.4191923583433224,19.76,14.76,-4.99,14.37,False,False,False,True,False
MX,2025-12-01 02:47:28.573042,10.32,8.71,50,1023,1.75,overcast clouds,100,25.6667,-100.3167,2,0,1,12,0,14.76,19.75,19.76,81.0,1019.0,16.0075,4.400843669116196,19.75,10.32,-4.4399999999999995,13.64,False,False,False,True,False
MX,2025-12-01 08:47:28.682291,8.95,8.95,79,1020,1.14,overcast clouds,100,25.6667,-100.3167,8,0,1,12,0,10.32,14.76,19.2,50.0,1023.0,13.445,4.880331272908991,19.75,8.95,-1.370000000000001,11.43,False,False,False,True,False
MX,2025-12-01 14:47:28.570193,9.37,8.78,78,1019,1.65,overcast clouds,90,25.6667,-100.3167,14,0,1,12,0,8.95,10.32,19.75,79.0,1020.0,10.85,2.668919881400254,14.76,8.95,0.41999999999999993,10.86,False,False,False,True,False
MX,2025-12-01 20:47:28.574366,14.37,13.64,68,1014,1.51,overcast clouds,95,25.6667,-100.3167,20,0,1,12,0,9.37,8.95,14.76,78.0,1019.0,10.7525,2.478821964831994,14.37,8.95,5.0,10.86,False,False,False,True,False
MX,2025-12-02 02:47:28.584293,13.64,12.91,71,1017,0.68,overcast clouds,91,25.6667,-100.3167,2,1,2,12,0,14.37,9.37,10.32,68.0,1014.0,11.5825,2.8183136210625785,14.37,8.95,-0.7299999999999986,14.37,False,False,False,True,False
MX,2025-12-02 08:47:28.619600,11.43,10.67,78,1020,1.85,overcast clouds,87,25.6667,-100.3167,8,1,2,12,0,13.64,14.37,8.95,71.0,1017.0,12.202499999999999,2.2645290165212835,14.37,9.37,-2.210000000000001,12.46,False,False,False,True,False
MX,2025-12-02 14:47:28.616368,10.86,10.12,81,1023,1.55,overcast clouds,100,25.6667,-100.3167,14,1,2,12,0,11.43,13.64,9.37,78.0,1020.0,12.575,1.6939598578479291,14.37,10.86,-0.5700000000000003,7.95,False,False,False,True,False
MX,2025-12-02 14:47:28.616368,10.86,10.12,81,1023,1.55,overcast clouds,100,25.6667,-100.3167,14,1,2,12,0,10.86,11.43,14.37,81.0,1023.0,11.6975,1.322582700627903,13.64,10.86,0.0,16.23,False,False,False,True,False
MX,2025-12-02 20:47:28.605162,14.37,13.25,53,1016,2.19,overcast clouds,85,25.6667,-100.3167,20,1,2,12,0,10.86,10.86,13.64,81.0,1023.0,11.879999999999999,1.6816063748690393,14.37,10.86,3.51,23.86,False,False,False,True,False
MX,2025-12-03 02:47:28.598331,12.46,11.48,66,1018,1.86,overcast clouds,96,25.6667,-100.3167,2,2,3,12,0,14.37,10.86,11.43,53.0,1016.0,12.1375,1.66853978076646,14.37,10.86,-1.9099999999999984,20.34,False,False,False,True,False
MX,2025-12-03 08:47:28.634853,7.95,7.95,67,1015,0.85,broken clouds,80,25.6667,-100.3167,8,2,3,12,0,12.46,14.37,10.86,66.0,1018.0,11.41,2.716505107670553,14.37,7.95,-4.510000000000001,13.95,False,False,False,True,False
MX,2025-12-03 14:47:28.618373,16.23,15.34,55,1015,0.74,overcast clouds,97,25.6667,-100.3167,14,2,3,12,0,7.95,12.46,10.86,67.0,1015.0,12.752500000000001,3.552411153005824,16.23,7.95,8.280000000000001,14.37,False,False,False,True,False
MX,2025-12-03 20:47:28.594903,23.86,23.37,41,1012,2.09,broken clouds,56,25.6667,-100.3167,20,2,3,12,0,16.23,7.95,14.37,55.0,1015.0,15.125,6.73557965830213,23.86,7.95,7.629999999999999,19.37,False,False,False,True,False
MX,2025-12-04 02:47:28.636345,20.34,20.02,61,1015,1.16,broken clouds,63,25.6667,-100.3167,2,3,4,12,0,23.86,16.23,12.46,41.0,1012.0,17.095,6.847736852420662,23.86,7.95,-3.5199999999999996,15.31,False,False,False,True,False
MX,2025-12-04 08:47:28.571814,13.95,13.02,62,1013,0.94,broken clouds,72,25.6667,-100.3167,8,3,4,12,0,20.34,23.86,7.95,61.0,1015.0,18.595,4.3944851803140725,23.86,13.95,-6.390000000000001,12.54,False,False,False,True,False
MX,2025-12-04 14:47:28.566054,14.37,13.3,55,1016,0.93,broken clouds,70,25.6667,-100.3167,14,3,4,12,0,13.95,20.34,16.23,62.0,1013.0,18.13,4.807182126776561,23.86,13.95,0.41999999999999993,11.42,False,False,False,True,False
MX,2025-12-04 20:47:28.730770,19.37,18.85,57,1017,4.32,broken clouds,82,25.6667,-100.3167,20,3,4,12,0,14.37,13.95,23.86,55.0,1016.0,17.0075,3.316206416977094,20.34,13.95,5.000000000000002,17.37,False,False,False,True,False
MX,2025-12-05 02:47:28.569345,15.31,14.83,74,1021,2.3,overcast clouds,100,25.6667,-100.3167,2,4,5,12,0,19.37,14.37,20.34,57.0,1017.0,15.75,2.4794085316193373,19.37,13.95,-4.0600000000000005,17.48,False,False,False,True,False
MX,2025-12-05 08:47:28.599230,12.54,11.81,75,1020,0.67,overcast clouds,93,25.6667,-100.3167,8,4,5,12,0,15.31,19.37,13.95,74.0,1021.0,15.397499999999999,2.8872983335060423,19.37,12.54,-2.7700000000000014,14.76,False,False,False,True,False
MX,2025-12-05 14:47:28.598400,11.42,10.73,81,1020,1.6,broken clouds,69,25.6667,-100.3167,14,4,5,12,0,12.54,15.31,14.37,75.0,1020.0,14.66,3.540178903200627,19.37,11.42,-1.1199999999999992,18.65,False,False,False,True,False
MX,2025-12-05 20:47:28.622660,17.37,16.55,53,1013,2.33,broken clouds,68,25.6667,-100.3167,20,4,5,12,0,11.42,12.54,19.37,81.0,1020.0,14.16,2.693114677592993,17.37,11.42,5.950000000000001,24.2,False,False,False,True,False
MX,2025-12-06 02:47:28.658795,17.48,17.27,76,1016,0.9,overcast clouds,95,25.6667,-100.3167,2,5,6,12,1,17.37,11.42,15.31,53.0,1013.0,14.7025,3.1770675682669163,17.48,11.42,0.10999999999999943,17.54,False,False,False,True,False
MX,2025-12-06 08:47:28.598826,14.76,13.81,58,1015,0.26,overcast clouds,100,25.6667,-100.3167,8,5,6,12,1,17.48,17.37,12.54,76.0,1016.0,15.2575,2.8505014178795696,17.48,11.42,-2.7200000000000006,13.95,False,False,False,True,False
MX,2025-12-06 14:47:28.676689,18.65,18.71,82,1016,1.35,overcast clouds,97,25.6667,-100.3167,14,5,6,12,1,14.76,17.48,11.42,58.0,1015.0,17.064999999999998,1.6422038038359807,18.65,14.76,3.889999999999999,15.37,False,False,False,True,False
MX,2025-12-06 20:47:28.592400,24.2,24.35,64,1010,2.14,broken clouds,51,25.6667,-100.3167,20,5,6,12,1,18.65,14.76,17.37,82.0,1016.0,18.7725,3.9683529328929352,24.2,14.76,5.550000000000001,30.49,False,False,False,True,False
MX,2025-12-07 02:47:28.647687,17.54,17.44,80,1013,2.12,scattered clouds,34,25.6667,-100.3167,2,6,7,12,1,24.2,18.65,17.48,64.0,1010.0,18.787499999999998,3.9619471223124574,24.2,14.76,-6.66,20.37,False,False,False,True,False
MX,2025-12-07 08:47:28.627429,13.95,13.41,77,1012,1.18,few clouds,19,25.6667,-100.3167,8,6,7,12,1,17.54,24.2,14.76,80.0,1013.0,18.585,4.246869435242855,24.2,13.95,-3.59,16.98,False,False,False,True,False
MX,2025-12-07 14:47:28.614843,15.37,14.74,68,1016,0.97,few clouds,12,25.6667,-100.3167,14,6,7,12,1,13.95,17.54,18.65,77.0,1012.0,17.765,4.5368895365290385,24.2,13.95,1.42,14.2,False,False,False,True,False
MX,2025-12-07 20:47:28.598100,30.49,28.93,26,1013,9.39,clear sky,5,25.6667,-100.3167,20,6,7,12,1,15.37,13.95,24.2,68.0,1016.0,19.3375,7.580137971479582,30.49,13.95,15.12,19.21,False,False,False,True,False
MX,2025-12-08 02:47:28.605447,20.37,19.61,44,1022,0.95,scattered clouds,30,25.6667,-100.3167,2,0,8,12,0,30.49,15.37,17.54,26.0,1013.0,20.045,7.487952546145924,30.49,13.95,-10.119999999999997,16.41,False,False,False,True,False
MX,2025-12-08 08:47:28.598380,16.98,15.83,42,1024,1.03,clear sky,0,25.6667,-100.3167,8,0,8,12,0,20.37,30.49,13.95,44.0,1022.0,20.802500000000002,6.786218264492618,30.49,15.37,-3.3900000000000006,11.43,False,False,False,True,False
MX,2025-12-08 14:47:28.598169,14.2,13.16,57,1026,1.51,scattered clouds,29,25.6667,-100.3167,14,0,8,12,0,16.98,20.37,15.37,42.0,1024.0,20.509999999999998,7.115640050855102,30.49,14.2,-2.780000000000001,8.37,False,False,False,True,False
MX,2025-12-08 20:47:28.588723,19.21,18.34,44,1022,2.58,broken clouds,54,25.6667,-100.3167,20,0,8,12,0,14.2,16.98,30.49,57.0,1026.0,17.69,2.7188845752133974,20.37,14.2,5.010000000000002,18.66,False,False,False,True,False
MX,2025-12-09 02:47:28.647596,16.41,15.15,40,1024,2.45,clear sky,3,25.6667,-100.3167,2,1,9,12,0,19.21,14.2,20.37,44.0,1022.0,16.7,2.0585269814441047,19.21,14.2,-2.8000000000000007,15.32,False,False,False,True,False
MX,2025-12-09 08:47:28.617102,11.43,10.25,62,1021,1.35,clear sky,9,25.6667,-100.3167,8,1,9,12,0,16.41,19.21,16.98,40.0,1024.0,15.3125,3.301841657822713,19.21,11.43,-4.98,14.76,False,False,False,True,False
MX,2025-12-09 14:47:28.653557,8.37,7.8,57,1022,1.49,broken clouds,79,25.6667,-100.3167,14,1,9,12,0,11.43,16.41,14.2,62.0,1021.0,13.854999999999999,4.870657039866407,19.21,8.37,-3.0600000000000005,19.2,False,False,False,True,False
MX,2025-12-09 20:47:28.577216,18.66,17.89,50,1017,2.3,broken clouds,67,25.6667,-100.3167,20,1,9,12,0,8.37,11.43,19.21,57.0,1022.0,13.7175,4.672839072769379,18.66,8.37,10.290000000000001,30.2,False,False,False,True,False
MX,2025-12-10 02:47:28.601282,15.32,14.76,71,1018,1.82,overcast clouds,97,25.6667,-100.3167,2,2,10,12,0,18.66,8.37,16.41,50.0,1017.0,13.445,4.491759120879057,18.66,8.37,-3.34,20.32,False,False,False,True,False
MX,2025-12-10 08:47:28.619546,14.76,14.22,74,1015,0.82,overcast clouds,87,25.6667,-100.3167,8,2,10,12,0,15.32,18.66,11.43,71.0,1018.0,14.2775,4.298235102923078,18.66,8.37,-0.5600000000000005,16.98,False,False,False,True,False
MX,2025-12-10 14:47:28.597060,19.2,18.69,58,1016,0.98,broken clouds,61,25.6667,-100.3167,14,2,10,12,0,14.76,15.32,8.37,74.0,1015.0,16.985,2.268237200999937,19.2,14.76,4.4399999999999995,11.37,False,False,False,True,False
MX,2025-12-10 20:47:28.605798,30.2,28.67,26,1013,10.73,few clouds,16,25.6667,-100.3167,20,2,10,12,0,19.2,14.76,18.66,58.0,1016.0,19.87,7.164086357194001,30.2,14.76,11.0,22.55,False,False,False,True,False
MX,2025-12-11 02:47:28.648389,20.32,19.48,41,1020,0.3,overcast clouds,100,25.6667,-100.3167,2,3,11,12,0,30.2,19.2,15.32,26.0,1013.0,21.119999999999997,6.512101555309659,30.2,14.76,-9.879999999999999,18.09,False,False,False,True,False
MX,2025-12-11 08:47:28.628144,16.98,15.73,38,1020,0.36,clear sky,9,25.6667,-100.3167,8,3,11,12,0,20.32,30.2,14.76,41.0,1020.0,21.675,5.850364660999043,30.2,16.98,-3.34,16.43,False,False,False,True,False
MX,2025-12-11 14:47:28.624809,11.37,9.95,53,1022,1.61,broken clouds,54,25.6667,-100.3167,14,3,11,12,0,16.98,20.32,19.2,38.0,1020.0,19.7175,7.904017438408556,30.2,11.37,-5.610000000000001,19.63,False,False,False,True,False
MX,2025-12-11 20:47:28.591391,22.55,21.91,40,1015,2.41,clear sky,0,25.6667,-100.3167,20,3,11,12,0,11.37,16.98,30.2,53.0,1022.0,17.805,4.862444515536055,22.55,11.37,11.180000000000001,28.09,False,False,False,True,False
MX,2025-12-12 02:47:28.596534,18.09,17.52,60,1016,2.41,clear sky,2,25.6667,-100.3167,2,4,12,12,0,22.55,11.37,20.32,40.0,1015.0,17.247500000000002,4.598654694581886,22.55,11.37,-4.460000000000001,20.87,False,False,False,True,False
MX,2025-12-12 08:47:28.605495,16.43,15.85,66,1013,0.71,clear sky,0,25.6667,-100.3167,8,4,12,12,0,18.09,22.55,16.98,60.0,1016.0,17.11,4.617502932682703,22.55,11.37,-1.6600000000000001,18.65,False,False,False,True,False
MX,2025-12-12 14:47:28.558217,19.63,19.06,54,1014,0.5,clear sky,0,25.6667,-100.3167,14,4,12,12,0,16.43,18.09,11.37,66.0,1013.0,19.175,2.601915960723292,22.55,16.43,3.1999999999999993,20.31,False,False,False,True,False
MX,2025-12-12 20:47:28.606232,28.09,27.37,34,1011,2.22,scattered clouds,45,25.6667,-100.3167,20,4,12,12,0,19.63,16.43,22.55,54.0,1014.0,20.56,5.187279312574808,28.09,16.43,8.46,26.43,False,False,False,True,False
MX,2025-12-13 02:47:28.627039,20.87,20.53,58,1015,1.44,clear sky,0,25.6667,-100.3167,2,5,13,12,1,28.09,19.63,18.09,34.0,1011.0,21.255,4.925670851095638,28.09,16.43,-7.219999999999999,23.82,False,False,False,True,False
MX,2025-12-13 08:47:28.602819,18.65,18.19,62,1016,1.01,clear sky,0,25.6667,-100.3167,8,5,13,12,1,20.87,28.09,16.43,58.0,1015.0,21.810000000000002,4.2840790531143575,28.09,18.65,-2.2200000000000024,19.2,False,False,False,True,False
MX,2025-12-13 14:47:28.570895,20.31,20.04,63,1017,0.39,few clouds,16,25.6667,-100.3167,14,5,13,12,1,18.65,20.87,19.63,62.0,1016.0,21.98,4.180988718792068,28.09,18.65,1.6600000000000001,15.37,False,False,False,True,False
MX,2025-12-13 20:47:28.573231,26.43,26.43,45,1014,2.01,clear sky,3,25.6667,-100.3167,20,5,13,12,1,20.31,18.65,28.09,63.0,1017.0,21.565,3.3775484205756725,26.43,18.65,6.120000000000001,18.66,False,False,False,True,False
MX,2025-12-14 02:47:28.566406,23.82,23.69,55,1017,1.34,clear sky,5,25.6667,-100.3167,2,6,14,12,1,26.43,20.31,20.87,45.0,1014.0,22.3025,3.49522889093116,26.43,18.65,-2.6099999999999994,10.87,False,False,False,True,False
MX,2025-12-14 08:47:28.606073,19.2,19.06,72,1018,0.75,clear sky,7,25.6667,-100.3167,8,6,14,12,1,23.82,26.43,18.65,55.0,1017.0,22.44,3.309531688925166,26.43,19.2,-4.620000000000001,11.13,False,False,False,True,False
MX,2025-12-14 14:47:28.598815,15.37,15.03,79,1024,0.93,broken clouds,57,25.6667,-100.3167,14,6,14,12,1,19.2,23.82,20.31,72.0,1018.0,21.205000000000002,4.905986139401527,26.43,15.37,-3.83,8.09,False,False,False,True,False
MX,2025-12-14 20:47:28.590852,18.66,18.62,78,1026,3.89,overcast clouds,100,25.6667,-100.3167,20,6,14,12,1,15.37,19.2,26.43,79.0,1024.0,19.2625,3.477991518103511,23.82,15.37,3.290000000000001,13.6,False,False,False,True,False
MX,2025-12-15 02:47:28.598849,10.87,9.42,54,1030,1.95,overcast clouds,100,25.6667,-100.3167,2,0,15,12,0,18.66,15.37,23.82,78.0,1026.0,16.025000000000002,3.8308789243897263,19.2,10.87,-7.790000000000001,8.65,False,False,False,True,False
MX,2025-12-15 08:47:28.565223,11.13,10.67,91,1029,1.96,overcast clouds,98,25.6667,-100.3167,8,0,15,12,0,10.87,18.66,19.2,54.0,1030.0,14.0075,3.7249642056445906,18.66,10.87,0.26000000000000156,8.65,False,False,False,True,False
MX,2025-12-15 14:47:28.591059,8.09,7.3,27,1030,1.66,overcast clouds,94,25.6667,-100.3167,14,0,15,12,0,11.13,10.87,15.37,91.0,1029.0,12.1875,4.5290497531675245,18.66,8.09,-3.040000000000001,10.3,False,False,False,True,False
MX,2025-12-15 20:47:28.576873,13.6,12.95,74,1024,2.33,overcast clouds,88,25.6667,-100.3167,20,0,15,12,0,8.09,11.13,18.66,27.0,1030.0,10.9225,2.2537283923904496,13.6,8.09,5.51,12.37,False,False,False,True,False
MX,2025-12-16 02:47:28.605109,8.65,7.94,22,1025,1.66,overcast clouds,93,25.6667,-100.3167,2,1,16,12,0,13.6,8.09,10.87,74.0,1024.0,10.3675,2.5276652600110747,13.6,8.09,-4.949999999999999,13.37,False,False,False,True,False
MX,2025-12-16 08:47:28.585771,8.65,8.65,22,1020,0.76,broken clouds,54,25.6667,-100.3167,8,1,16,12,0,8.65,13.6,11.13,22.0,1025.0,9.7475,2.581864636265852,13.6,8.09,0.0,13.65,False,False,False,True,False
MX,2025-12-16 14:47:28.602972,10.3,7.91,20,1021,0.96,overcast clouds,89,25.6667,-100.3167,14,1,16,12,0,8.65,8.65,8.09,22.0,1020.0,10.3,2.333452377915647,13.6,8.65,1.6500000000000004,11.37,False,False,False,True,False
MX,2025-12-16 20:47:28.587920,12.37,11.59,74,1014,2.16,overcast clouds,96,25.6667,-100.3167,20,1,16,12,0,10.3,8.65,13.6,20.0,1021.0,9.9925,1.7655664813311887,12.37,8.65,2.0699999999999985,19.65,False,False,False,True,False
MX,2025-12-17 02:47:28.581645,13.37,13.11,90,1016,1.26,overcast clouds,96,25.6667,-100.3167,2,2,17,12,0,12.37,10.3,8.65,74.0,1014.0,11.1725,2.112445265563151,13.37,8.65,1.0,16.37,False,False,False,True,False
MX,2025-12-17 08:47:28.588986,13.65,11.88,31,1015,1.37,broken clouds,72,25.6667,-100.3167,8,2,17,12,0,13.37,12.37,8.65,90.0,1016.0,12.4225,1.5179234719401429,13.65,10.3,0.28000000000000114,15.61,False,False,False,True,False
MX,2025-12-17 14:47:28.612694,11.37,10.57,77,1017,0.55,clear sky,0,25.6667,-100.3167,14,2,17,12,0,13.65,13.37,10.3,31.0,1015.0,12.69,1.0374327287428398,13.65,11.37,-2.280000000000001,20.87,False,False,False,True,False
MX,2025-12-17 20:47:28.616778,19.65,19.21,59,1012,2.01,clear sky,0,25.6667,-100.3167,20,2,17,12,0,11.37,13.65,12.37,77.0,1017.0,14.51,3.5739054268405197,19.65,11.37,8.28,30.49,False,False,False,True,False
MX,2025-12-18 02:47:28.629307,16.37,15.94,72,1015,1.83,clear sky,0,25.6667,-100.3167,2,3,18,12,0,19.65,11.37,13.37,59.0,1012.0,15.260000000000002,3.569705870236385,19.65,11.37,-3.2799999999999976,22.55,False,False,False,True,False
MX,2025-12-18 08:47:28.662092,15.61,14.58,52,1012,1.35,clear sky,0,25.6667,-100.3167,8,3,18,12,0,16.37,19.65,13.65,72.0,1015.0,15.75,3.405798976256051,19.65,11.37,-0.7600000000000016,14.52,False,False,False,True,False
MX,2025-12-18 14:47:28.592123,20.87,20.5,57,1013,1.34,clear sky,0,25.6667,-100.3167,14,3,18,12,0,15.61,16.37,11.37,52.0,1012.0,18.125,2.5341599528575003,20.87,15.61,5.260000000000002,12.37,False,False,False,True,False
MX,2025-12-18 20:47:28.614118,30.49,29.39,32,1010,8.05,clear sky,0,25.6667,-100.3167,20,3,18,12,0,20.87,15.61,19.65,57.0,1013.0,20.835,6.842443520653519,30.49,15.61,9.619999999999997,20.87,False,False,False,True,False
MX,2025-12-19 02:47:28.660709,22.55,22.14,49,1019,1.91,clear sky,0,25.6667,-100.3167,2,4,19,12,0,30.49,20.87,16.37,32.0,1010.0,22.38,6.162088390581013,30.49,15.61,-7.939999999999998,17.54,False,False,False,True,False
MX,2025-12-19 08:47:28.599274,14.52,13.36,51,1022,0.2,clear sky,0,25.6667,-100.3167,8,4,19,12,0,22.55,30.49,15.61,49.0,1019.0,22.107499999999998,6.571749513384288,30.49,14.52,-8.030000000000001,15.31,False,False,False,True,False
MX,2025-12-19 14:47:28.575868,12.37,11.05,53,1024,2.35,clear sky,0,25.6667,-100.3167,14,4,19,12,0,14.52,22.55,20.87,51.0,1022.0,19.9825,8.262136023248871,30.49,12.37,-2.1500000000000004,12.37,False,False,False,True,False
MX,2025-12-19 20:47:28.576666,20.87,20.19,45,1018,2.38,clear sky,0,25.6667,-100.3167,20,4,19,12,0,12.37,14.52,30.49,53.0,1024.0,17.5775,4.900090985549834,22.55,12.37,8.500000000000002,30.2,False,False,False,True,False
MX,2025-12-20 02:47:28.590263,17.54,16.97,62,1020,2.23,clear sky,0,25.6667,-100.3167,2,5,20,12,1,20.87,12.37,22.55,45.0,1018.0,16.325,3.6983464773688755,20.87,12.37,-3.330000000000002,21.98,False,False,False,True,False
MX,2025-12-20 08:47:28.604854,15.31,14.78,72,1017,1.03,clear sky,0,25.6667,-100.3167,8,5,20,12,1,17.54,20.87,14.52,62.0,1020.0,16.5225,3.58931167960285,20.87,12.37,-2.2299999999999986,20.31,False,False,False,True,False
MX,2025-12-20 14:47:28.588749,12.37,10.92,48,1017,0.6,clear sky,0,25.6667,-100.3167,14,5,20,12,1,15.31,17.54,12.37,72.0,1017.0,16.5225,3.58931167960285,20.87,12.37,-2.9400000000000013,21.98,False,False,False,True,False
MX,2025-12-20 20:47:28.573484,30.2,29.02,31,1013,4.47,clear sky,0,25.6667,-100.3167,20,5,20,12,1,12.37,15.31,20.87,48.0,1017.0,18.855,7.854096595620236,30.2,12.37,17.83,30.07,False,False,False,True,False
MX,2025-12-21 02:47:28.606786,21.98,21.54,50,1017,1.67,clear sky,0,25.6667,-100.3167,2,6,21,12,1,30.2,12.37,17.54,31.0,1013.0,19.965,7.9197748284489355,30.2,12.37,-8.219999999999999,22.54,False,False,False,True,False
MX,2025-12-21 08:47:28.621552,20.31,19.47,41,1017,1.98,clear sky,0,25.6667,-100.3167,8,6,21,12,1,21.98,30.2,15.31,50.0,1017.0,21.215,7.3113724201866965,30.2,12.37,-1.6700000000000017,12.35,False,False,False,True,False
MX,2025-12-21 14:47:28.595992,21.98,21.33,42,1020,0.83,clear sky,0,25.6667,-100.3167,14,6,21,12,1,20.31,21.98,12.37,41.0,1017.0,23.6175,4.458388161656627,30.2,20.31,1.6700000000000017,13.37,False,False,False,True,False
MX,2025-12-21 20:47:28.666285,30.07,29.06,33,1017,13.86,clear sky,0,25.6667,-100.3167,20,6,21,12,1,21.98,20.31,30.2,42.0,1020.0,23.585,4.394424497777453,30.07,20.31,8.09,24.21,False,False,False,True,False
MX,2025-12-22 02:47:28.591491,22.54,22.31,56,1023,2.08,clear sky,0,25.6667,-100.3167,2,0,22,12,0,30.07,21.98,21.98,33.0,1017.0,23.725,4.334762584809764,30.07,20.31,-7.530000000000001,22.55,False,False,False,True,False
MX,2025-12-22 08:47:28.608616,12.35,11.18,59,1022,1.17,clear sky,0,25.6667,-100.3167,8,0,22,12,0,22.54,30.07,20.31,56.0,1023.0,21.735,7.263114575258559,30.07,12.35,-10.19,16.98,False,False,False,True,False
MX,2025-12-22 14:47:28.611699,13.37,12.22,56,1024,1.3,clear sky,0,25.6667,-100.3167,14,0,22,12,0,12.35,22.54,21.98,59.0,1022.0,19.582500000000003,8.359399400275919,30.07,12.35,1.0199999999999996,16.37,False,False,False,True,False
MX,2025-12-22 20:47:28.597069,24.21,24.46,68,1019,2.79,clear sky,0,25.6667,-100.3167,20,0,22,12,0,13.37,12.35,30.07,56.0,1024.0,18.1175,6.123176599336878,24.21,12.35,10.840000000000002,22.54,False,False,False,True,False
MX,2025-12-23 02:47:28.626017,22.55,22.87,77,1022,2.17,clear sky,0,25.6667,-100.3167,2,1,23,12,0,24.21,13.37,22.54,68.0,1019.0,18.12,6.1255856862834,24.21,12.35,-1.6600000000000001,22.55,False,False,False,True,False
MX,2025-12-23 08:47:28.586329,16.98,15.8,41,1020,0.62,clear sky,0,25.6667,-100.3167,8,1,23,12,0,22.55,24.21,12.35,77.0,1022.0,19.2775,5.007190662770231,24.21,13.37,-5.57,19.76,False,False,False,True,False
MX,2025-12-23 14:47:28.595513,16.37,16.28,85,1023,0.73,few clouds,19,25.6667,-100.3167,14,1,23,12,0,16.98,22.55,13.37,41.0,1020.0,20.0275,3.9378875470654786,24.21,16.37,-0.6099999999999994,19.76,False,False,False,True,False
MX,2025-12-23 20:47:28.626779,22.54,22.81,75,1020,2.8,few clouds,14,25.6667,-100.3167,20,1,23,12,0,16.37,16.98,24.21,85.0,1023.0,19.61,3.398185790486845,22.55,16.37,6.169999999999998,24.37,False,False,False,True,False
MX,2025-12-24 02:47:28.564684,22.55,22.87,77,1022,2.0,few clouds,15,25.6667,-100.3167,2,2,24,12,0,22.54,16.37,22.55,75.0,1020.0,19.61,3.398185790486845,22.55,16.37,0.010000000000001563,21.44,False,False,False,True,False
MX,2025-12-24 08:47:28.614797,19.76,19.72,74,1021,0.26,clear sky,0,25.6667,-100.3167,8,2,24,12,0,22.55,22.54,16.98,77.0,1022.0,20.305,2.933513252058022,22.55,16.37,-2.789999999999999,18.09,False,False,False,True,False
MX,2025-12-24 14:47:28.565583,19.76,19.33,59,1025,1.02,broken clouds,58,25.6667,-100.3167,14,2,24,12,0,19.76,22.55,16.37,74.0,1021.0,21.1525,1.607925682362225,22.55,19.76,0.0,18.37,False,False,False,True,False
MX,2025-12-24 20:47:28.618106,24.37,24.3,55,1021,2.04,scattered clouds,35,25.6667,-100.3167,20,2,24,12,0,19.76,19.76,22.54,59.0,1025.0,21.610000000000003,2.261725005388592,24.37,19.76,4.609999999999999,24.21,False,False,False,True,False
MX,2025-12-25 02:47:28.648834,21.44,21.7,79,1023,2.77,broken clouds,60,25.6667,-100.3167,2,3,25,12,0,24.37,19.76,22.55,55.0,1021.0,21.332500000000003,2.17435622656455,24.37,19.76,-2.9299999999999997,21.42,False,False,False,True,False
MX,2025-12-25 08:47:28.621897,18.09,17.83,72,1022,0.25,clear sky,8,25.6667,-100.3167,8,3,25,12,0,21.44,24.37,19.76,79.0,1023.0,20.915,2.6787621519400893,24.37,18.09,-3.3500000000000014,18.09,False,False,False,True,False
MX,2025-12-25 14:47:28.598155,18.37,18.17,73,1022,0.62,clear sky,10,25.6667,-100.3167,14,3,25,12,0,18.09,21.44,19.76,72.0,1022.0,20.567500000000003,2.954503624412517,24.37,18.09,0.28000000000000114,20.31,False,False,False,True,False
MX,2025-12-25 20:47:28.588604,24.21,24.57,72,1018,2.09,clear sky,4,25.6667,-100.3167,20,3,25,12,0,18.37,18.09,24.37,73.0,1022.0,20.5275,2.8861551702336965,24.21,18.09,5.84,26.98,False,False,False,True,False
MX,2025-12-26 02:47:28.609522,21.42,21.68,79,1020,2.31,clear sky,4,25.6667,-100.3167,2,4,26,12,0,24.21,18.37,21.44,72.0,1018.0,20.5225,2.884063972938193,24.21,18.09,-2.789999999999999,23.09,False,False,False,True,False
MX,2025-12-26 08:47:28.613962,18.09,17.94,76,1018,0.73,few clouds,13,25.6667,-100.3167,8,4,26,12,0,21.42,24.21,18.09,79.0,1020.0,20.5225,2.884063972938193,24.21,18.09,-3.330000000000002,18.65,False,False,False,True,False
MX,2025-12-26 14:47:28.614398,20.31,20.46,79,1019,0.4,scattered clouds,50,25.6667,-100.3167,14,4,26,12,0,18.09,21.42,18.37,76.0,1018.0,21.0075,2.5445677432522866,24.21,18.09,2.219999999999999,18.65,False,False,False,True,False
MX,2025-12-26 20:47:28.594085,26.98,27.85,57,1014,2.04,broken clouds,57,25.6667,-100.3167,20,4,26,12,0,20.31,18.09,24.21,79.0,1019.0,21.7,3.7824595172982387,26.98,18.09,6.670000000000002,25.31,False,False,False,True,False
MX,2025-12-27 02:47:28.615368,23.09,23.39,74,1016,2.42,overcast clouds,100,25.6667,-100.3167,2,5,27,12,1,26.98,20.31,21.42,57.0,1014.0,22.1175,3.8330786147255953,26.98,18.09,-3.8900000000000006,21.44,False,False,False,True,False
MX,2025-12-27 08:47:28.576121,18.65,18.58,77,1015,0.75,scattered clouds,37,25.6667,-100.3167,8,5,27,12,1,23.09,26.98,18.09,74.0,1016.0,22.2575,3.642429363305031,26.98,18.65,-4.440000000000001,17.54,False,False,False,True,False
MX,2025-12-27 14:47:28.578061,18.65,18.63,79,1016,0.52,clear sky,0,25.6667,-100.3167,14,5,27,12,1,18.65,23.09,20.31,77.0,1015.0,21.842499999999998,4.013903959987088,26.98,18.65,0.0,18.37,False,False,False,True,False
MX,2025-12-27 20:47:28.587923,25.31,25.65,67,1010,2.48,clear sky,0,25.6667,-100.3167,20,5,27,12,1,18.65,18.65,26.98,79.0,1016.0,21.425,3.3300000000000045,25.31,18.65,6.66,26.98,False,False,False,True,False
MX,2025-12-28 02:47:28.601060,21.44,21.65,77,1012,1.58,clear sky,0,25.6667,-100.3167,2,6,28,12,1,25.31,18.65,23.09,67.0,1010.0,21.0125,3.15246332254636,25.31,18.65,-3.8699999999999974,23.64,False,False,False,True,False
MX,2025-12-28 08:47:28.595271,17.54,16.92,60,1011,0.34,clear sky,0,25.6667,-100.3167,8,6,28,12,1,21.44,25.31,18.65,77.0,1012.0,20.735,3.4632787932824636,25.31,17.54,-3.900000000000002,20.87,False,False,False,True,False
MX,2025-12-28 14:47:28.593289,18.37,18.19,74,1013,1.07,few clouds,13,25.6667,-100.3167,14,6,28,12,1,17.54,21.44,18.65,60.0,1011.0,20.665,3.521803515246135,25.31,17.54,0.8300000000000018,12.37,False,False,False,True,False
MX,2025-12-28 20:47:28.613442,26.98,27.99,59,1011,2.5,few clouds,21,25.6667,-100.3167,20,6,28,12,1,18.37,17.54,25.31,74.0,1013.0,21.0825,4.274547734361305,26.98,17.54,8.61,10.31,False,False,False,True,False
MX,2025-12-29 02:47:28.580149,23.64,23.89,70,1016,0.81,broken clouds,68,25.6667,-100.3167,2,0,29,12,0,26.98,18.37,21.44,59.0,1011.0,21.6325,4.472816972185056,26.98,17.54,-3.34,9.76,False,False,False,True,False
MX,2025-12-29 08:47:28.611095,20.87,21.02,77,1019,0.92,scattered clouds,48,25.6667,-100.3167,8,0,29,12,0,23.64,26.98,17.54,70.0,1016.0,22.465000000000003,3.70040087918413,26.98,18.37,-2.7699999999999996,8.65,False,False,False,True,False
MX,2025-12-29 14:47:28.601646,12.37,11.8,82,1029,2.59,overcast clouds,100,25.6667,-100.3167,14,0,29,12,0,20.87,23.64,18.37,77.0,1019.0,20.965,6.250837277250681,26.98,12.37,-8.500000000000002,8.08,False,False,False,True,False
MX,2025-12-29 20:47:28.565543,10.31,8.86,56,1032,2.22,overcast clouds,100,25.6667,-100.3167,20,0,29,12,0,12.37,20.87,26.98,82.0,1029.0,16.7975,6.45743692703744,23.64,10.31,-2.0599999999999987,13.65,False,False,False,True,False
MX,2025-12-30 02:47:28.601921,9.76,9.76,48,1033,1.31,overcast clouds,100,25.6667,-100.3167,2,1,30,12,0,10.31,12.37,23.64,56.0,1032.0,13.3275,5.152296413574576,20.87,9.76,-0.5500000000000007,10.87,False,False,False,True,False
MX,2025-12-30 08:47:28.639552,8.65,8.65,50,1033,0.83,overcast clouds,100,25.6667,-100.3167,8,1,30,12,0,9.76,10.31,20.87,48.0,1033.0,10.272499999999999,1.5594951106047525,12.37,8.65,-1.1099999999999994,8.65,False,False,False,True,False
MX,2025-12-30 14:47:28.592555,8.08,8.08,57,1034,1.27,scattered clouds,50,25.6667,-100.3167,14,1,30,12,0,8.65,9.76,12.37,50.0,1033.0,9.2,1.0169562429132062,10.31,8.08,-0.5700000000000003,4.37,False,False,False,True,False
MX,2025-12-30 20:47:28.623017,13.65,11.85,30,1027,2.11,clear sky,10,25.6667,-100.3167,20,1,30,12,0,8.08,8.65,10.31,57.0,1034.0,10.035,2.5089240721871473,13.65,8.08,5.57,16.98,False,False,False,True,False
MX,2025-12-31 02:47:28.606396,10.87,9.11,42,1029,2.01,few clouds,13,25.6667,-100.3167,2,2,31,12,0,13.65,8.08,9.76,30.0,1027.0,10.3125,2.5296689506732166,13.65,8.08,-2.780000000000001,14.2,False,False,False,True,False
MX,2025-12-31 08:47:28.626893,8.65,8.21,62,1027,1.41,broken clouds,53,25.6667,-100.3167,8,2,31,12,0,10.87,13.65,8.65,42.0,1029.0,10.3125,2.5296689506732166,13.65,8.08,-2.219999999999999,11.43,False,False,False,True,False
MX,2025-12-31 14:47:28.652580,4.37,4.37,58,1028,0.76,few clouds,22,25.6667,-100.3167,14,2,31,12,0,8.65,10.87,8.08,62.0,1027.0,9.385,3.919434483017519,13.65,4.37,-4.28,15.28,False,False,False,True,False
MX,2025-12-31 20:47:28.613443,16.98,15.75,39,1022,2.11,clear sky,7,25.6667,-100.3167,20,2,31,12,0,4.37,8.65,13.65,58.0,1028.0,10.217500000000001,5.253807349595796,16.98,4.37,12.61,24.22,False,False,False,True,False
MX,2026-01-01 02:47:28.610967,14.2,13.27,61,1022,1.71,broken clouds,65,25.6667,-100.3167,2,3,1,1,0,16.98,4.37,10.87,39.0,1022.0,11.05,5.641211453816174,16.98,4.37,-2.780000000000001,19.19,False,False,False,True,False
MX,2026-01-01 08:47:28.624423,11.43,10.46,70,1020,0.13,overcast clouds,100,25.6667,-100.3167,8,3,1,1,0,14.2,16.98,8.65,61.0,1022.0,11.745,5.413627865550678,16.98,4.37,-2.7699999999999996,17.54,False,False,False,True,False
MX,2026-01-01 14:47:28.591429,15.28,14.3,55,1020,0.41,broken clouds,68,25.6667,-100.3167,14,3,1,1,0,11.43,14.2,4.37,70.0,1020.0,14.4725,2.328853437495251,16.98,11.43,3.8499999999999996,15.37,False,False,False,True,False
MX,2026-01-01 20:47:28.601970,24.22,23.74,40,1015,1.79,overcast clouds,98,25.6667,-100.3167,20,3,1,1,0,15.28,11.43,16.98,55.0,1020.0,16.2825,5.534512173624709,24.22,11.43,8.94,30.2,False,False,False,True,False
MX,2026-01-02 02:47:28.661776,19.19,18.71,59,1016,1.36,broken clouds,73,25.6667,-100.3167,2,4,2,1,0,24.22,15.28,14.2,40.0,1015.0,17.53,5.4706550491387,24.22,11.43,-5.029999999999998,24.38,False,False,False,True,False
MX,2026-01-02 08:47:28.594148,17.54,16.99,63,1014,1.35,few clouds,18,25.6667,-100.3167,8,4,2,1,0,19.19,24.22,11.43,59.0,1016.0,19.0575,3.7965455789880114,24.22,15.28,-1.6500000000000021,22.54,False,False,False,True,False
MX,2026-01-02 14:47:28.586899,15.37,14.09,43,1015,1.73,broken clouds,65,25.6667,-100.3167,14,4,2,1,0,17.54,19.19,15.28,63.0,1014.0,19.08,3.766846603371767,24.22,15.37,-2.17,21.43,False,False,False,True,False
MX,2026-01-02 20:47:28.652242,30.2,29.02,31,1010,5.81,scattered clouds,37,25.6667,-100.3167,20,4,2,1,0,15.37,17.54,24.22,43.0,1015.0,20.575,6.604596883989216,30.2,15.37,14.83,26.98,False,False,False,True,False
MX,2026-01-03 02:47:28.626431,24.38,24.18,50,1012,1.34,broken clouds,81,25.6667,-100.3167,2,5,3,1,1,30.2,15.37,19.19,31.0,1010.0,21.8725,6.750009259252913,30.2,15.37,-5.82,20.88,False,False,False,True,False
MX,2026-01-03 08:47:28.633755,22.54,22.05,46,1012,2.32,scattered clouds,33,25.6667,-100.3167,8,5,3,1,1,24.38,30.2,17.54,50.0,1012.0,23.1225,6.113179069300472,30.2,15.37,-1.8399999999999999,19.2,False,False,False,True,False
MX,2026-01-03 14:47:28.614718,21.43,20.91,49,1017,0.05,clear sky,10,25.6667,-100.3167,14,5,3,1,1,22.54,24.38,15.37,46.0,1012.0,24.6375,3.902788533002187,30.2,21.43,-1.1099999999999994,18.65,False,False,False,True,False
MX,2026-01-03 20:47:28.606350,26.98,26.53,33,1014,2.56,clear sky,0,25.6667,-100.3167,20,5,3,1,1,21.43,22.54,30.2,49.0,1017.0,23.8325,2.4254947948820758,26.98,21.43,5.550000000000001,22.54,False,False,False,True,False
MX,2026-01-04 02:47:28.608139,20.88,20.22,46,1018,0.16,clear sky,0,25.6667,-100.3167,2,6,4,1,1,26.98,21.43,24.38,33.0,1014.0,22.9575,2.7691198962847476,26.98,20.88,-6.100000000000001,19.19,False,False,False,True,False
MX,2026-01-04 08:47:28.643528,19.2,18.43,48,1018,2.16,clear sky,0,25.6667,-100.3167,8,6,4,1,1,20.88,26.98,22.54,46.0,1018.0,22.1225,3.374397477081411,26.98,19.2,-1.6799999999999997,15.31,False,False,False,True,False
MX,2026-01-04 14:47:28.633609,18.65,17.98,54,1020,2.07,clear sky,0,25.6667,-100.3167,14,6,4,1,1,19.2,20.88,21.43,48.0,1018.0,21.427500000000002,3.8212683321989744,26.98,18.65,-0.5500000000000007,12.37,False,False,False,True,False
MX,2026-01-04 20:47:28.601727,22.54,22.21,52,1014,3.1,clear sky,0,25.6667,-100.3167,20,6,4,1,1,18.65,19.2,26.98,54.0,1020.0,20.3175,1.7592872609857473,22.54,18.65,3.8900000000000006,29.81,False,False,False,True,False
MX,2026-01-05 02:47:28.599103,19.19,18.86,65,1017,2.8,broken clouds,55,25.6667,-100.3167,2,0,5,1,0,22.54,18.65,20.88,52.0,1014.0,19.895,1.7819558542979494,22.54,18.65,-3.349999999999998,23.08,False,False,False,True,False
MX,2026-01-05 08:47:28.639139,15.31,14.88,76,1015,0.78,broken clouds,66,25.6667,-100.3167,8,0,5,1,0,19.19,22.54,19.2,65.0,1017.0,18.9225,2.9598578231620194,22.54,15.31,-3.880000000000001,19.2,False,False,False,True,False
MX,2026-01-05 14:47:28.585882,12.37,11.28,62,1014,0.91,broken clouds,71,25.6667,-100.3167,14,0,5,1,0,15.31,19.19,18.65,76.0,1015.0,17.3525,4.445359940432281,22.54,12.37,-2.9400000000000013,13.37,False,False,False,True,False
MX,2026-01-05 20:47:28.603001,29.81,28.72,32,1011,6.26,broken clouds,57,25.6667,-100.3167,20,0,5,1,0,12.37,15.31,22.54,62.0,1014.0,19.17,7.623420054892254,29.81,12.37,17.439999999999998,26.98,False,False,False,True,False
MX,2025-11-06 08:47:28.553398,6.34,6.34,70,1023,0.78,clear sky,2,19.2883,-99.6672,8,3,6,11,0,11.39,19.88,19.39,76.0,1024.0,14.25,6.553986064475066,19.88,6.34,-5.050000000000001,5.05,False,False,False,False,True
MX,2025-11-06 14:47:28.582949,7.39,7.39,71,1022,0.0,clear sky,0,19.2883,-99.6672,14,3,6,11,0,6.34,11.39,19.39,70.0,1023.0,11.25,6.150994499536916,19.88,6.34,1.0499999999999998,9.39,False,False,False,False,True
MX,2025-11-06 20:47:28.566501,19.39,18.12,28,1014,1.54,clear sky,0,19.2883,-99.6672,20,3,6,11,0,7.39,6.34,19.88,71.0,1022.0,11.127500000000001,5.922467813335929,19.39,6.34,12.0,20.39,False,False,False,False,True
MX,2025-11-07 02:47:28.578127,13.39,12.19,54,1021,0.0,broken clouds,75,19.2883,-99.6672,2,4,7,11,0,19.39,7.39,11.39,28.0,1014.0,11.627500000000001,6.035364529173036,19.39,6.34,-6.0,12.39,False,False,False,False,True
MX,2025-11-07 08:47:28.595850,5.05,5.05,87,1020,0.77,clear sky,4,19.2883,-99.6672,8,4,7,11,0,13.39,19.39,6.34,54.0,1021.0,11.305,6.433420552085808,19.39,5.05,-8.34,6.39,False,False,False,False,True
MX,2025-11-07 14:47:28.604093,9.39,9.39,71,1020,0.0,clear sky,0,19.2883,-99.6672,14,4,7,11,0,5.05,13.39,7.39,87.0,1020.0,11.805000000000001,6.096630216767297,19.39,5.05,4.340000000000001,5.39,False,False,False,False,True
MX,2025-11-07 20:47:28.597468,20.39,19.16,26,1011,4.12,clear sky,0,19.2883,-99.6672,20,4,7,11,0,9.39,5.05,19.39,71.0,1020.0,12.055,6.51732818466791,20.39,5.05,11.0,20.39,False,False,False,False,True
MX,2025-11-08 02:47:28.585424,12.39,11.83,82,1019,1.54,scattered clouds,40,19.2883,-99.6672,2,5,8,11,1,20.39,9.39,13.39,26.0,1011.0,11.805,6.468041949977344,20.39,5.05,-8.0,12.39,False,False,False,False,True
MX,2025-11-08 08:47:28.586218,6.39,6.39,70,1018,0.0,clear sky,0,19.2883,-99.6672,8,5,8,11,1,12.39,20.39,5.05,82.0,1019.0,12.14,6.020797289396153,20.39,6.39,-6.000000000000001,4.39,False,False,False,False,True
MX,2025-11-08 14:47:28.598705,5.39,5.39,93,1018,0.0,mist,100,19.2883,-99.6672,14,5,8,11,1,6.39,12.39,9.39,70.0,1018.0,11.14,6.898067362191631,20.39,5.39,-1.0,5.39,False,False,False,False,True
MX,2025-11-08 20:47:28.600730,20.39,19.09,23,1011,4.12,broken clouds,75,19.2883,-99.6672,20,5,8,11,1,5.39,6.39,20.39,93.0,1018.0,11.14,6.898067362191631,20.39,5.39,15.0,19.39,False,False,False,False,True
MX,2025-11-09 02:47:28.588414,12.39,11.67,76,1019,3.6,broken clouds,75,19.2883,-99.6672,2,6,9,11,1,20.39,5.39,12.39,23.0,1011.0,11.14,6.898067362191631,20.39,5.39,-8.0,12.39,False,False,False,False,True
MX,2025-11-09 08:47:28.592463,4.39,4.39,75,1019,0.0,clear sky,0,19.2883,-99.6672,8,6,9,11,1,12.39,20.39,6.39,76.0,1019.0,10.639999999999999,7.410578025138575,20.39,4.39,-8.0,4.39,False,False,False,False,True
MX,2025-11-09 14:47:28.653528,5.39,5.39,75,1020,0.0,clear sky,0,19.2883,-99.6672,14,6,9,11,1,4.39,12.39,5.39,75.0,1019.0,10.639999999999999,7.410578025138575,20.39,4.39,1.0,6.39,False,False,False,False,True
MX,2025-11-09 20:47:28.610853,19.39,18.06,26,1015,3.6,scattered clouds,40,19.2883,-99.6672,20,6,9,11,1,5.39,4.39,20.39,75.0,1020.0,10.389999999999999,6.976149845485455,19.39,4.39,14.0,13.39,False,False,False,False,True
MX,2025-11-10 02:47:28.561429,12.39,10.31,24,1026,8.23,clear sky,0,19.2883,-99.6672,2,0,10,11,0,19.39,5.39,12.39,26.0,1015.0,10.389999999999999,6.976149845485455,19.39,4.39,-7.0,8.39,False,False,False,False,True
MX,2025-11-10 08:47:28.630272,4.39,2.12,87,1028,2.57,clear sky,0,19.2883,-99.6672,8,0,10,11,0,12.39,19.39,4.39,24.0,1026.0,10.389999999999999,6.976149845485455,19.39,4.39,-8.0,4.18,False,False,False,False,True
MX,2025-11-10 14:47:28.630727,6.39,4.93,87,1028,2.06,scattered clouds,40,19.2883,-99.6672,14,0,10,11,0,4.39,12.39,5.39,87.0,1028.0,10.639999999999999,6.751543033509702,19.39,4.39,2.0,5.39,False,False,False,False,True
MX,2025-11-10 20:47:28.629254,13.39,12.19,54,1025,9.26,broken clouds,75,19.2883,-99.6672,20,0,10,11,0,6.39,4.39,19.39,87.0,1028.0,9.139999999999999,4.425306015783927,13.39,4.39,7.000000000000001,18.39,False,False,False,False,True
MX,2025-11-11 02:47:28.633444,8.39,6.23,71,1029,3.6,broken clouds,75,19.2883,-99.6672,2,1,11,11,0,13.39,6.39,12.39,54.0,1025.0,8.139999999999999,3.862210075418834,13.39,4.39,-5.0,10.58,False,False,False,False,True
MX,2025-11-11 08:47:28.588278,4.18,4.18,89,1027,1.15,overcast clouds,100,19.2883,-99.6672,8,1,11,11,0,8.39,13.39,4.39,71.0,1029.0,8.087499999999999,3.9309911811993112,13.39,4.18,-4.210000000000001,6.39,False,False,False,False,True
MX,2025-11-11 14:47:28.592322,5.39,5.39,87,1027,0.0,haze,75,19.2883,-99.6672,14,1,11,11,0,4.18,8.39,6.39,89.0,1027.0,7.837499999999998,4.102969453131893,13.39,4.18,1.21,10.39,False,False,False,False,True
MX,2025-11-11 20:47:28.582656,18.39,17.17,34,1017,3.6,broken clouds,75,19.2883,-99.6672,20,1,11,11,0,5.39,4.18,13.39,87.0,1027.0,9.087499999999999,6.4492396192626265,18.39,4.18,13.0,20.39,False,False,False,False,True
MX,2025-11-12 02:47:28.627674,10.58,9.81,81,1024,0.39,overcast clouds,97,19.2883,-99.6672,2,2,12,11,0,18.39,5.39,8.39,34.0,1017.0,9.634999999999998,6.463231905685169,18.39,4.18,-7.8100000000000005,11.39,False,False,False,False,True
MX,2025-11-12 08:47:28.601525,6.39,6.39,93,1023,0.0,few clouds,20,19.2883,-99.6672,8,2,12,11,0,10.58,18.39,4.18,81.0,1024.0,10.187499999999998,5.91247480614788,18.39,5.39,-4.19,5.39,False,False,False,False,True
MX,2025-11-12 14:47:28.614792,10.39,9.34,71,1022,0.0,haze,40,19.2883,-99.6672,14,2,12,11,0,6.39,10.58,5.39,93.0,1023.0,11.437499999999998,5.021522843387921,18.39,6.39,4.000000000000001,7.39,False,False,False,False,True
MX,2025-11-12 20:47:28.615077,20.39,19.32,32,1016,1.03,light rain,75,19.2883,-99.6672,20,2,12,11,0,10.39,6.39,18.39,71.0,1022.0,11.937499999999998,5.95698679423303,20.39,6.39,10.0,21.74,False,False,False,False,True
MX,2025-11-13 02:47:28.551303,11.39,10.31,66,1023,1.03,clear sky,0,19.2883,-99.6672,2,3,13,11,0,20.39,10.39,10.58,32.0,1016.0,12.139999999999999,5.909032633745283,20.39,6.39,-9.0,13.39,False,False,False,False,True
MX,2025-11-13 08:47:28.570539,5.39,5.39,87,1022,1.03,clear sky,0,19.2883,-99.6672,8,3,13,11,0,11.39,20.39,6.39,66.0,1023.0,11.889999999999999,6.244997998398403,20.39,5.39,-6.000000000000001,6.27,False,False,False,False,True
MX,2025-11-13 14:47:28.620716,7.39,7.39,81,1022,0.0,few clouds,20,19.2883,-99.6672,14,3,13,11,0,5.39,11.39,10.39,87.0,1022.0,11.139999999999999,6.652067347825041,20.39,5.39,2.0,8.39,False,False,False,False,True
MX,2025-11-13 20:47:28.593381,21.74,20.86,34,1014,0.97,overcast clouds,90,19.2883,-99.6672,20,3,13,11,0,7.39,5.39,20.39,81.0,1022.0,11.477499999999997,7.282212919161321,21.74,5.39,14.349999999999998,22.39,False,False,False,False,True
MX,2025-11-14 02:47:28.603724,13.39,12.19,54,1023,1.54,clear sky,0,19.2883,-99.6672,2,4,14,11,0,21.74,7.39,11.39,34.0,1014.0,11.977499999999997,7.342612500556826,21.74,5.39,-8.349999999999998,12.39,False,False,False,False,True
MX,2025-11-14 08:47:28.602955,6.27,6.27,60,1021,0.63,overcast clouds,100,19.2883,-99.6672,8,4,14,11,0,13.39,21.74,5.39,54.0,1023.0,12.197499999999998,7.088222038471051,21.74,6.27,-7.120000000000001,3.39,False,False,False,False,True
MX,2025-11-14 14:47:28.562220,8.39,8.39,66,1021,0.0,few clouds,20,19.2883,-99.6672,14,4,14,11,0,6.27,13.39,7.39,60.0,1021.0,12.447499999999998,6.876619203261635,21.74,6.27,2.120000000000001,6.39,False,False,False,False,True
MX,2025-11-14 20:47:28.625213,22.39,21.34,25,1013,3.09,clear sky,0,19.2883,-99.6672,20,4,14,11,0,8.39,6.27,21.74,66.0,1021.0,12.61,7.170792610769516,22.39,6.27,14.0,22.39,False,False,False,False,True
MX,2025-11-15 02:47:28.590563,12.39,11.3,62,1021,1.54,few clouds,20,19.2883,-99.6672,2,5,15,11,1,22.39,8.39,13.39,25.0,1013.0,12.36,7.151941461356259,22.39,6.27,-10.0,12.39,False,False,False,False,True
MX,2025-11-15 08:47:28.600652,3.39,3.39,65,1020,1.03,clear sky,0,19.2883,-99.6672,8,5,15,11,1,12.39,22.39,6.27,62.0,1021.0,11.639999999999999,8.057087976847884,22.39,3.39,-9.0,8.07,False,False,False,False,True
MX,2025-11-15 14:47:28.604894,6.39,6.39,65,1020,0.0,clear sky,0,19.2883,-99.6672,14,5,15,11,1,3.39,12.39,8.39,65.0,1020.0,11.139999999999997,8.381527307120109,22.39,3.39,2.9999999999999996,7.39,False,False,False,False,True
MX,2025-11-15 20:47:28.634487,22.39,21.15,18,1012,2.57,clear sky,0,19.2883,-99.6672,20,5,15,11,1,6.39,3.39,22.39,65.0,1020.0,11.139999999999997,8.381527307120109,22.39,3.39,16.0,22.39,False,False,False,False,True
MX,2025-11-16 02:47:28.602476,12.39,11.67,76,1020,1.03,clear sky,0,19.2883,-99.6672,2,6,16,11,1,22.39,6.39,12.39,18.0,1012.0,11.139999999999997,8.381527307120109,22.39,3.39,-10.0,12.39,False,False,False,False,True
MX,2025-11-16 08:47:28.574486,8.07,8.07,53,1019,0.78,clear sky,0,19.2883,-99.6672,8,6,16,11,1,12.39,22.39,3.39,76.0,1020.0,12.309999999999999,7.179526446779065,22.39,6.39,-4.32,6.39,False,False,False,False,True
MX,2025-11-16 14:47:28.579346,7.39,7.39,71,1019,0.0,clear sky,0,19.2883,-99.6672,14,6,16,11,1,8.07,12.39,6.39,53.0,1019.0,12.559999999999997,6.917292341178979,22.39,7.39,-0.6800000000000006,7.39,False,False,False,False,True
MX,2025-11-16 20:47:28.614488,22.39,21.34,25,1011,0.0,few clouds,20,19.2883,-99.6672,20,6,16,11,1,7.39,8.07,22.39,71.0,1019.0,12.559999999999999,6.917292341178979,22.39,7.39,15.0,21.39,False,False,False,False,True
MX,2025-11-17 02:47:28.581391,12.39,11.83,82,1019,3.6,clear sky,0,19.2883,-99.6672,2,0,17,11,0,22.39,7.39,12.39,25.0,1011.0,12.559999999999999,6.917292341178979,22.39,7.39,-10.0,14.39,False,False,False,False,True
MX,2025-11-17 08:47:28.697388,6.39,6.39,87,1019,0.0,clear sky,0,19.2883,-99.6672,8,0,17,11,0,12.39,22.39,8.07,82.0,1019.0,12.139999999999997,7.320063751999252,22.39,6.39,-6.000000000000001,7.39,False,False,False,False,True
MX,2025-11-17 14:47:28.611686,7.39,7.39,76,1019,0.0,clear sky,0,19.2883,-99.6672,14,0,17,11,0,6.39,12.39,7.39,87.0,1019.0,12.139999999999997,7.320063751999252,22.39,6.39,1.0,7.39,False,False,False,False,True
MX,2025-11-17 20:47:28.596053,21.39,20.19,23,1012,0.0,scattered clouds,40,19.2883,-99.6672,20,0,17,11,0,7.39,6.39,22.39,76.0,1019.0,11.889999999999997,6.855654600401047,21.39,6.39,14.0,21.39,False,False,False,False,True
MX,2025-11-18 02:47:28.596622,14.39,13.9,77,1020,1.54,scattered clouds,40,19.2883,-99.6672,2,1,18,11,0,21.39,7.39,12.39,23.0,1012.0,12.389999999999997,6.976149845485452,21.39,6.39,-7.0,11.5,False,False,False,False,True
MX,2025-11-18 08:47:28.627097,7.39,7.39,93,1020,0.0,clear sky,0,19.2883,-99.6672,8,1,18,11,0,14.39,21.39,6.39,77.0,1020.0,12.639999999999997,6.7019897542943685,21.39,7.39,-7.000000000000001,5.39,False,False,False,False,True
MX,2025-11-18 14:47:28.607383,7.39,7.39,93,1020,1.03,fog,100,19.2883,-99.6672,14,1,18,11,0,7.39,14.39,7.39,93.0,1020.0,12.639999999999997,6.7019897542943685,21.39,7.39,0.0,5.39,False,False,False,False,True
MX,2025-11-18 20:47:28.580352,21.39,20.32,28,1013,1.54,few clouds,20,19.2883,-99.6672,20,1,18,11,0,7.39,7.39,21.39,93.0,1020.0,12.639999999999997,6.7019897542943685,21.39,7.39,14.0,21.39,False,False,False,False,True
MX,2025-11-19 02:47:28.609500,11.5,10.43,66,1022,0.84,scattered clouds,40,19.2883,-99.6672,2,2,19,11,0,21.39,7.39,14.39,28.0,1013.0,11.917499999999997,6.605529880335115,21.39,7.39,-9.89,14.39,False,False,False,False,True
MX,2025-11-19 08:47:28.592594,5.39,3.3,87,1022,2.57,clear sky,0,19.2883,-99.6672,8,2,19,11,0,11.5,21.39,7.39,66.0,1022.0,11.417499999999997,7.118264652755383,21.39,5.39,-6.11,5.39,False,False,False,False,True
MX,2025-11-19 14:47:28.629643,5.39,5.39,87,1022,0.0,haze,0,19.2883,-99.6672,14,2,19,11,0,5.39,11.5,7.39,87.0,1022.0,10.917499999999997,7.552462622659362,21.39,5.39,0.0,3.39,False,False,False,False,True
MX,2025-11-19 20:47:28.601055,21.39,20.13,21,1014,6.17,few clouds,20,19.2883,-99.6672,20,2,19,11,0,5.39,5.39,21.39,87.0,1022.0,10.917499999999997,7.552462622659362,21.39,5.39,16.0,21.39,False,False,False,False,True
MX,2025-11-20 02:47:28.601118,14.39,13.9,77,1022,3.09,broken clouds,75,19.2883,-99.6672,2,3,20,11,0,21.39,5.39,11.5,21.0,1014.0,11.639999999999997,7.762087348130014,21.39,5.39,-7.0,12.36,False,False,False,False,True
MX,2025-11-20 08:47:28.658302,5.39,5.39,81,1020,0.0,clear sky,0,19.2883,-99.6672,8,3,20,11,0,14.39,21.39,5.39,77.0,1022.0,11.639999999999997,7.762087348130014,21.39,5.39,-9.0,9.39,False,False,False,False,True
MX,2025-11-20 14:47:28.641278,3.39,3.39,100,1020,0.0,mist,0,19.2883,-99.6672,14,3,20,11,0,5.39,14.39,5.39,81.0,1020.0,11.139999999999997,8.34166250416147,21.39,3.39,-1.9999999999999996,8.39,False,False,False,False,True
MX,2025-11-20 20:47:28.661071,21.39,20.37,30,1012,0.0,light rain,0,19.2883,-99.6672,20,3,20,11,0,3.39,5.39,21.39,100.0,1020.0,11.139999999999997,8.34166250416147,21.39,3.39,18.0,21.39,False,False,False,False,True
MX,2025-11-21 02:47:28.613192,12.36,11.69,78,1019,0.47,clear sky,7,19.2883,-99.6672,2,4,21,11,0,21.39,3.39,14.39,30.0,1012.0,10.632499999999997,8.137273806380124,21.39,3.39,-9.030000000000001,15.39,False,False,False,False,True
MX,2025-11-21 08:47:28.602549,9.39,7.73,93,1019,3.09,fog,100,19.2883,-99.6672,8,4,21,11,0,12.36,21.39,5.39,78.0,1019.0,11.632499999999997,7.49901493530984,21.39,3.39,-2.969999999999999,8.53,False,False,False,False,True
MX,2025-11-21 14:47:28.581260,8.39,8.39,100,1020,0.0,fog,100,19.2883,-99.6672,14,4,21,11,0,9.39,12.36,3.39,93.0,1019.0,12.882499999999997,5.916943890219006,21.39,8.39,-1.0,9.39,False,False,False,False,True
MX,2025-11-21 20:47:28.616362,21.39,20.37,30,1012,4.12,few clouds,20,19.2883,-99.6672,20,4,21,11,0,8.39,9.39,21.39,100.0,1020.0,12.882499999999997,5.916943890219006,21.39,8.39,13.0,21.39,False,False,False,False,True
MX,2025-11-22 02:47:28.619188,15.39,14.32,51,1019,3.09,clear sky,0,19.2883,-99.6672,2,5,22,11,1,21.39,8.39,12.36,30.0,1012.0,13.639999999999997,6.020797289396148,21.39,8.39,-6.0,12.39,False,False,False,False,True
MX,2025-11-22 08:47:28.601847,8.53,8.53,79,1019,0.41,clear sky,3,19.2883,-99.6672,8,5,22,11,1,15.39,21.39,9.39,51.0,1019.0,13.424999999999997,6.234706622341317,21.39,8.39,-6.860000000000001,6.39,False,False,False,False,True
MX,2025-11-22 14:47:28.629900,9.39,9.39,76,1021,0.0,clear sky,0,19.2883,-99.6672,14,5,22,11,1,8.53,15.39,8.39,79.0,1019.0,13.674999999999997,5.980376242344624,21.39,8.53,0.8600000000000012,5.39,False,False,False,False,True
MX,2025-11-22 20:47:28.579356,21.39,20.19,23,1013,2.06,clear sky,0,19.2883,-99.6672,20,5,22,11,1,9.39,8.53,21.39,76.0,1021.0,13.674999999999997,5.980376242344624,21.39,8.53,12.0,19.39,False,False,False,False,True
MX,2025-11-23 02:47:28.621862,12.39,11.67,76,1022,4.12,clear sky,0,19.2883,-99.6672,2,6,23,11,1,21.39,9.39,15.39,23.0,1013.0,12.924999999999997,5.880892789364555,21.39,8.53,-9.0,11.39,False,False,False,False,True
MX,2025-11-23 08:47:28.575165,6.39,6.39,87,1022,0.0,clear sky,0,19.2883,-99.6672,8,6,23,11,1,12.39,21.39,8.53,76.0,1022.0,12.389999999999997,6.480740698407862,21.39,6.39,-6.000000000000001,5.39,False,False,False,False,True
MX,2025-11-23 14:47:28.585142,5.39,5.39,100,1023,0.0,fog,100,19.2883,-99.6672,14,6,23,11,1,6.39,12.39,9.39,87.0,1022.0,11.389999999999997,7.348469228349538,21.39,5.39,-1.0,7.39,False,False,False,False,True
MX,2025-11-23 20:47:28.615283,19.39,18.17,30,1014,2.06,clear sky,0,19.2883,-99.6672,20,6,23,11,1,5.39,6.39,21.39,100.0,1023.0,10.889999999999997,6.454972243679032,19.39,5.39,14.0,19.39,False,False,False,False,True
MX,2025-11-24 02:47:28.553743,11.39,10.57,76,1020,3.09,clear sky,0,19.2883,-99.6672,2,0,24,11,0,19.39,5.39,12.39,30.0,1014.0,10.639999999999997,6.396613687465168,19.39,5.39,-8.0,13.39,False,False,False,False,True
MX,2025-11-24 08:47:28.646858,5.39,5.39,87,1020,0.0,clear sky,0,19.2883,-99.6672,8,0,24,11,0,11.39,19.39,6.39,76.0,1020.0,10.389999999999997,6.633249580710805,19.39,5.39,-6.000000000000001,5.11,False,False,False,False,True
MX,2025-11-24 14:47:28.617108,7.39,7.39,87,1021,0.0,haze,0,19.2883,-99.6672,14,0,24,11,0,5.39,11.39,5.39,87.0,1020.0,10.889999999999997,6.191391873668908,19.39,5.39,2.0,7.39,False,False,False,False,True
MX,2025-11-24 20:47:28.574030,19.39,18.22,32,1012,3.6,clear sky,0,19.2883,-99.6672,20,0,24,11,0,7.39,5.39,19.39,87.0,1021.0,10.889999999999997,6.191391873668908,19.39,5.39,12.0,20.39,False,False,False,False,True
MX,2025-11-25 02:47:28.619367,13.39,12.66,72,1019,1.54,few clouds,20,19.2883,-99.6672,2,1,25,11,0,19.39,7.39,11.39,32.0,1012.0,11.389999999999997,6.324555320336763,19.39,5.39,-6.0,13.39,False,False,False,False,True
MX,2025-11-25 08:47:28.618663,5.11,5.11,77,1019,1.1,few clouds,20,19.2883,-99.6672,8,1,25,11,0,13.39,19.39,5.39,72.0,1019.0,11.319999999999997,6.414015902693105,19.39,5.11,-8.280000000000001,6.39,False,False,False,False,True
MX,2025-11-25 14:47:28.603265,7.39,7.39,87,1019,0.0,mist,0,19.2883,-99.6672,14,1,25,11,0,5.11,13.39,7.39,77.0,1019.0,11.319999999999997,6.414015902693105,19.39,5.11,2.2799999999999994,4.39,False,False,False,False,True
MX,2025-11-25 20:47:28.611424,20.39,19.16,26,1013,4.12,broken clouds,75,19.2883,-99.6672,20,1,25,11,0,7.39,5.11,19.39,87.0,1019.0,11.569999999999997,6.838830309343846,20.39,5.11,13.0,19.39,False,False,False,False,True
MX,2025-11-26 02:47:28.598219,13.39,12.19,54,1020,1.03,few clouds,20,19.2883,-99.6672,2,2,26,11,0,20.39,7.39,13.39,26.0,1013.0,11.569999999999997,6.838830309343846,20.39,5.11,-7.0,13.39,False,False,False,False,True
MX,2025-11-26 08:47:28.576267,6.39,6.39,87,1020,0.0,clear sky,0,19.2883,-99.6672,8,2,26,11,0,13.39,20.39,5.11,54.0,1020.0,11.889999999999997,6.454972243679031,20.39,6.39,-7.000000000000001,9.39,False,False,False,False,True
MX,2025-11-26 14:47:28.625770,4.39,4.39,93,1022,1.03,mist,75,19.2883,-99.6672,14,2,26,11,0,6.39,13.39,7.39,87.0,1020.0,11.139999999999997,7.274384280931735,20.39,4.39,-2.0,7.39,False,False,False,False,True
MX,2025-11-26 20:47:28.596853,19.39,18.22,32,1014,3.09,scattered clouds,40,19.2883,-99.6672,20,2,26,11,0,4.39,6.39,20.39,93.0,1022.0,10.889999999999997,6.855654600401048,19.39,4.39,15.0,18.39,False,False,False,False,True
MX,2025-11-27 02:47:28.593325,13.39,12.53,67,1023,3.09,light rain,40,19.2883,-99.6672,2,3,27,11,0,19.39,4.39,13.39,32.0,1014.0,10.889999999999997,6.855654600401048,19.39,4.39,-6.0,11.39,False,False,False,False,True
MX,2025-11-27 08:47:28.657812,9.39,8.91,87,1022,1.54,broken clouds,75,19.2883,-99.6672,8,3,27,11,0,13.39,19.39,6.39,67.0,1023.0,11.639999999999997,6.344288770224764,19.39,4.39,-4.0,9.55,False,False,False,False,True
MX,2025-11-27 14:47:28.615653,7.39,5.68,93,1025,2.57,haze,100,19.2883,-99.6672,14,3,27,11,0,9.39,13.39,4.39,87.0,1022.0,12.389999999999997,5.291502622129184,19.39,7.39,-2.000000000000001,6.39,False,False,False,False,True
MX,2025-11-27 20:47:28.664532,18.39,17.38,42,1017,6.17,scattered clouds,40,19.2883,-99.6672,20,3,27,11,0,7.39,9.39,19.39,93.0,1025.0,12.139999999999997,4.856267428111158,18.39,7.39,11.0,16.39,False,False,False,False,True
MX,2025-11-28 02:47:28.575225,11.39,10.44,71,1024,4.12,few clouds,20,19.2883,-99.6672,2,4,28,11,0,18.39,7.39,13.39,42.0,1017.0,11.639999999999997,4.787135538781694,18.39,7.39,-7.0,11.39,False,False,False,False,True
MX,2025-11-28 08:47:28.606756,9.55,9.0,76,1023,1.63,overcast clouds,99,19.2883,-99.6672,8,4,28,11,0,11.39,18.39,9.39,71.0,1024.0,11.679999999999996,4.762674318769519,18.39,7.39,-1.8399999999999999,8.39,False,False,False,False,True
MX,2025-11-28 14:47:28.561344,6.39,5.48,87,1025,1.54,haze,20,19.2883,-99.6672,14,4,28,11,0,9.55,11.39,7.39,76.0,1023.0,11.429999999999996,5.078687494487794,18.39,6.39,-3.160000000000001,9.39,False,False,False,False,True
MX,2025-11-28 20:47:28.612675,16.39,15.34,48,1017,5.14,scattered clouds,40,19.2883,-99.6672,20,4,28,11,0,6.39,9.55,18.39,87.0,1025.0,10.929999999999996,4.184861606632496,16.39,6.39,10.0,18.39,False,False,False,False,True
MX,2025-11-29 02:47:28.639057,11.39,10.57,76,1022,2.57,light rain,75,19.2883,-99.6672,2,5,29,11,1,16.39,6.39,11.39,48.0,1017.0,10.929999999999996,4.184861606632496,16.39,6.39,-5.0,10.39,False,False,False,False,True
MX,2025-11-29 08:47:28.594372,8.39,6.87,87,1021,2.57,overcast clouds,100,19.2883,-99.6672,8,5,29,11,1,11.39,16.39,9.55,76.0,1022.0,10.639999999999997,4.349329450233302,16.39,6.39,-3.0,6.39,False,False,False,False,True
MX,2025-11-29 14:47:28.617999,9.39,9.39,81,1021,0.0,scattered clouds,40,19.2883,-99.6672,14,5,29,11,1,8.39,11.39,6.39,87.0,1021.0,11.389999999999997,3.5590260840104424,16.39,8.39,1.0,9.39,False,False,False,False,True
MX,2025-11-29 20:47:28.568369,18.39,17.25,37,1014,2.57,broken clouds,75,19.2883,-99.6672,20,5,29,11,1,9.39,8.39,16.39,81.0,1021.0,11.889999999999997,4.509249752822897,18.39,8.39,9.0,19.39,False,False,False,False,True
MX,2025-11-30 02:47:28.661015,10.39,9.63,82,1020,3.09,scattered clouds,40,19.2883,-99.6672,2,6,30,11,1,18.39,9.39,11.39,37.0,1014.0,11.639999999999997,4.573474244670751,18.39,8.39,-8.0,13.39,False,False,False,False,True
MX,2025-11-30 08:47:28.603005,6.39,6.39,87,1020,0.0,clear sky,0,19.2883,-99.6672,8,6,30,11,1,10.39,18.39,8.39,82.0,1020.0,11.139999999999997,5.123475382979803,18.39,6.39,-4.000000000000001,8.39,False,False,False,False,True
MX,2025-11-30 14:47:28.610028,9.39,8.91,81,1020,1.54,mist,0,19.2883,-99.6672,14,6,30,11,1,6.39,10.39,9.39,87.0,1020.0,11.139999999999997,5.123475382979803,18.39,6.39,3.000000000000001,6.39,False,False,False,False,True
MX,2025-11-30 20:47:28.604745,19.39,18.43,40,1014,0.0,broken clouds,75,19.2883,-99.6672,20,6,30,11,1,9.39,6.39,18.39,81.0,1020.0,11.389999999999997,5.597618541248892,19.39,6.39,10.0,19.39,False,False,False,False,True
MX,2025-12-01 02:47:28.573042,13.39,12.66,72,1021,2.57,broken clouds,75,19.2883,-99.6672,2,0,1,12,0,19.39,9.39,10.39,40.0,1014.0,12.139999999999997,5.619905100029124,19.39,6.39,-6.0,11.39,False,False,False,False,True
MX,2025-12-01 08:47:28.682291,8.39,8.39,93,1020,1.03,scattered clouds,40,19.2883,-99.6672,8,0,1,12,0,13.39,19.39,6.39,72.0,1021.0,12.639999999999997,4.99165971062398,19.39,8.39,-5.0,8.63,False,False,False,False,True
MX,2025-12-01 14:47:28.570193,6.39,6.39,70,1020,1.03,haze,75,19.2883,-99.6672,14,0,1,12,0,8.39,13.39,9.39,93.0,1020.0,11.889999999999997,5.802298395176407,19.39,6.39,-2.000000000000001,5.39,False,False,False,False,True
MX,2025-12-01 20:47:28.574366,19.39,18.48,42,1013,5.14,broken clouds,75,19.2883,-99.6672,20,0,1,12,0,6.39,8.39,19.39,70.0,1020.0,11.889999999999997,5.802298395176407,19.39,6.39,13.0,5.39,False,False,False,False,True
MX,2025-12-02 02:47:28.584293,11.39,10.57,76,1020,1.54,broken clouds,75,19.2883,-99.6672,2,1,2,12,0,19.39,6.39,13.39,42.0,1013.0,11.389999999999997,5.715476066494086,19.39,6.39,-8.0,20.39,False,False,False,False,True
MX,2025-12-02 08:47:28.619600,8.63,8.63,79,1020,0.63,overcast clouds,89,19.2883,-99.6672,8,1,2,12,0,11.39,19.39,8.39,76.0,1020.0,11.449999999999998,5.674598370516341,19.39,6.39,-2.76,12.39,False,False,False,False,True
MX,2025-12-02 14:47:28.616368,5.39,5.39,100,1020,1.03,mist,75,19.2883,-99.6672,14,1,2,12,0,8.63,11.39,6.39,79.0,1020.0,11.199999999999998,5.985348778475657,19.39,5.39,-3.240000000000001,8.23,False,False,False,False,True
MX,2025-12-02 14:47:28.616368,5.39,5.39,100,1020,1.03,mist,75,19.2883,-99.6672,14,1,2,12,0,5.39,8.63,19.39,100.0,1020.0,7.699999999999997,2.8955828428832935,11.39,5.39,0.0,6.39,False,False,False,False,True
MX,2025-12-02 20:47:28.605162,20.39,19.45,37,1013,4.63,broken clouds,75,19.2883,-99.6672,20,1,2,12,0,5.39,5.39,11.39,100.0,1020.0,9.949999999999996,7.125615762865696,20.39,5.39,15.0,21.39,False,False,False,False,True
MX,2025-12-03 02:47:28.598331,12.39,11.3,62,1020,2.06,scattered clouds,40,19.2883,-99.6672,2,2,3,12,0,20.39,5.39,8.63,37.0,1013.0,10.889999999999997,7.141428428542854,20.39,5.39,-8.0,12.39,False,False,False,False,True
MX,2025-12-03 08:47:28.634853,8.23,7.61,84,1020,1.52,broken clouds,84,19.2883,-99.6672,8,2,3,12,0,12.39,20.39,5.39,62.0,1020.0,11.599999999999996,6.527102470979502,20.39,5.39,-4.16,10.1,False,False,False,False,True
MX,2025-12-03 14:47:28.618373,6.39,6.39,87,1021,0.0,clear sky,0,19.2883,-99.6672,14,2,3,12,0,8.23,12.39,5.39,84.0,1020.0,11.849999999999998,6.221982535066031,20.39,6.39,-1.8400000000000007,7.39,False,False,False,False,True
MX,2025-12-03 20:47:28.594903,21.39,20.5,35,1014,5.14,light rain,20,19.2883,-99.6672,20,2,3,12,0,6.39,8.23,20.39,87.0,1021.0,12.099999999999998,6.682544425591201,21.39,6.39,15.0,20.39,False,False,False,False,True
MX,2025-12-04 02:47:28.636345,12.39,11.83,82,1021,1.54,clear sky,0,19.2883,-99.6672,2,3,4,12,0,21.39,6.39,12.39,35.0,1014.0,12.099999999999998,6.682544425591201,21.39,6.39,-9.0,13.39,False,False,False,False,True
MX,2025-12-04 08:47:28.571814,10.1,9.44,87,1021,0.41,broken clouds,64,19.2883,-99.6672,8,3,4,12,0,12.39,21.39,8.23,82.0,1021.0,12.567499999999995,6.3801273498261795,21.39,6.39,-2.290000000000001,7.39,False,False,False,False,True
MX,2025-12-04 14:47:28.566054,7.39,7.39,93,1021,0.0,fog,100,19.2883,-99.6672,14,3,4,12,0,10.1,12.39,6.39,87.0,1021.0,12.817499999999997,6.069406203795121,21.39,7.39,-2.71,6.39,False,False,False,False,True
MX,2025-12-04 20:47:28.730770,20.39,19.45,37,1014,4.12,light rain,40,19.2883,-99.6672,20,3,4,12,0,7.39,10.1,21.39,93.0,1021.0,12.567499999999995,5.601133069894582,20.39,7.39,13.0,19.39,False,False,False,False,True
MX,2025-12-05 02:47:28.569345,13.39,12.8,77,1021,5.14,light rain,75,19.2883,-99.6672,2,4,5,12,0,20.39,7.39,12.39,37.0,1014.0,12.817499999999995,5.6128743379246755,20.39,7.39,-7.0,11.39,False,False,False,False,True
MX,2025-12-05 08:47:28.599230,7.39,5.68,93,1020,2.57,scattered clouds,40,19.2883,-99.6672,8,4,5,12,0,13.39,20.39,10.1,77.0,1021.0,12.139999999999995,6.184658438426494,20.39,7.39,-6.000000000000001,8.39,False,False,False,False,True
MX,2025-12-05 14:47:28.598400,6.39,6.39,100,1021,0.0,haze,0,19.2883,-99.6672,14,4,5,12,0,7.39,13.39,7.39,93.0,1020.0,11.889999999999995,6.454972243679031,20.39,6.39,-1.0,8.39,False,False,False,False,True
MX,2025-12-05 20:47:28.622660,19.39,18.35,37,1014,3.6,light rain,20,19.2883,-99.6672,20,4,5,12,0,6.39,7.39,20.39,100.0,1021.0,11.639999999999997,6.020797289396151,19.39,6.39,13.0,18.39,False,False,False,False,True
MX,2025-12-06 02:47:28.658795,11.39,10.57,76,1020,2.06,clear sky,0,19.2883,-99.6672,2,5,6,12,1,19.39,6.39,13.39,37.0,1014.0,11.139999999999997,5.909032633745284,19.39,6.39,-8.0,9.6,False,False,False,False,True
MX,2025-12-06 08:47:28.598826,8.39,8.39,93,1019,0.0,scattered clouds,40,19.2883,-99.6672,8,5,6,12,1,11.39,19.39,7.39,76.0,1020.0,11.389999999999997,5.7154760664940865,19.39,6.39,-3.0,7.39,False,False,False,False,True
MX,2025-12-06 14:47:28.676689,8.39,8.39,93,1021,0.0,haze,100,19.2883,-99.6672,14,5,6,12,1,8.39,11.39,6.39,93.0,1019.0,11.889999999999997,5.196152422706636,19.39,8.39,0.0,5.39,False,False,False,False,True
MX,2025-12-06 20:47:28.592400,18.39,17.25,37,1014,4.12,overcast clouds,100,19.2883,-99.6672,20,5,6,12,1,8.39,8.39,19.39,93.0,1021.0,11.639999999999997,4.716990566028307,18.39,8.39,10.0,19.39,False,False,False,False,True
MX,2025-12-07 02:47:28.647687,9.6,9.6,83,1020,0.44,overcast clouds,93,19.2883,-99.6672,2,6,7,12,1,18.39,8.39,11.39,37.0,1014.0,11.192499999999995,4.832117375781904,18.39,8.39,-8.790000000000001,10.39,False,False,False,False,True
MX,2025-12-07 08:47:28.627429,7.39,6.63,100,1019,1.54,mist,20,19.2883,-99.6672,8,6,7,12,1,9.6,18.39,8.39,83.0,1020.0,10.942499999999995,5.0465524535733035,18.39,7.39,-2.21,9.39,False,False,False,False,True
MX,2025-12-07 14:47:28.614843,5.39,4.34,93,1020,1.54,mist,75,19.2883,-99.6672,14,6,7,12,1,7.39,9.6,8.39,100.0,1019.0,10.192499999999995,5.729109151226458,18.39,5.39,-2.0,9.39,False,False,False,False,True
MX,2025-12-07 20:47:28.598100,19.39,18.43,40,1015,0.0,light rain,40,19.2883,-99.6672,20,6,7,12,1,5.39,7.39,18.39,93.0,1020.0,10.442499999999995,6.20787336103651,19.39,5.39,14.0,17.39,False,False,False,False,True
MX,2025-12-08 02:47:28.605447,10.39,9.76,87,1019,1.54,thunderstorm,100,19.2883,-99.6672,2,0,8,12,0,19.39,5.39,9.6,40.0,1015.0,10.639999999999995,6.184658438426497,19.39,5.39,-9.0,11.39,False,False,False,False,True
MX,2025-12-08 08:47:28.598380,9.39,8.91,87,1019,1.54,scattered clouds,40,19.2883,-99.6672,8,0,8,12,0,10.39,19.39,7.39,87.0,1019.0,11.139999999999995,5.909032633745284,19.39,5.39,-1.0,10.39,False,False,False,False,True
MX,2025-12-08 14:47:28.598169,9.39,8.91,87,1021,1.54,few clouds,20,19.2883,-99.6672,14,0,8,12,0,9.39,10.39,5.39,87.0,1019.0,12.139999999999997,4.856267428111159,19.39,9.39,0.0,9.39,False,False,False,False,True
MX,2025-12-08 20:47:28.588723,17.39,16.44,48,1017,2.57,light rain,75,19.2883,-99.6672,20,0,8,12,0,9.39,9.39,19.39,87.0,1021.0,11.639999999999997,3.862210075418828,17.39,9.39,8.0,18.39,False,False,False,False,True
MX,2025-12-09 02:47:28.647596,11.39,10.57,76,1020,1.54,broken clouds,75,19.2883,-99.6672,2,1,9,12,0,17.39,9.39,10.39,48.0,1017.0,11.889999999999997,3.7859388972001877,17.39,9.39,-6.0,13.39,False,False,False,False,True
MX,2025-12-09 08:47:28.617102,10.39,9.91,93,1020,0.0,broken clouds,75,19.2883,-99.6672,8,1,9,12,0,11.39,17.39,9.39,76.0,1020.0,12.139999999999997,3.593976442141309,17.39,9.39,-1.0,10.39,False,False,False,False,True
MX,2025-12-09 14:47:28.653557,9.39,8.91,93,1020,1.54,mist,100,19.2883,-99.6672,14,1,9,12,0,10.39,11.39,9.39,93.0,1020.0,12.139999999999997,3.593976442141309,17.39,9.39,-1.0,7.39,False,False,False,False,True
MX,2025-12-09 20:47:28.577216,18.39,17.38,42,1014,3.09,light rain,75,19.2883,-99.6672,20,1,9,12,0,9.39,10.39,17.39,93.0,1020.0,12.389999999999997,4.082482904638634,18.39,9.39,9.0,20.39,False,False,False,False,True
MX,2025-12-10 02:47:28.601282,13.39,12.53,67,1019,0.0,scattered clouds,40,19.2883,-99.6672,2,2,10,12,0,18.39,9.39,11.39,42.0,1014.0,12.889999999999997,4.041451884327383,18.39,9.39,-5.0,12.39,False,False,False,False,True
MX,2025-12-10 08:47:28.619546,10.39,9.63,82,1019,0.0,light rain,75,19.2883,-99.6672,8,2,10,12,0,13.39,18.39,10.39,67.0,1019.0,12.889999999999997,4.041451884327383,18.39,9.39,-3.0,10.39,False,False,False,False,True
MX,2025-12-10 14:47:28.597060,7.39,6.63,100,1020,1.54,haze,0,19.2883,-99.6672,14,2,10,12,0,10.39,13.39,9.39,82.0,1019.0,12.389999999999995,4.690415759823433,18.39,7.39,-3.000000000000001,6.39,False,False,False,False,True
MX,2025-12-10 20:47:28.605798,20.39,19.4,35,1013,2.57,light rain,75,19.2883,-99.6672,20,2,10,12,0,7.39,10.39,18.39,100.0,1020.0,12.889999999999997,5.567764362830024,20.39,7.39,13.0,18.39,False,False,False,False,True
MX,2025-12-11 02:47:28.648389,12.39,11.43,67,1020,2.57,light rain,40,19.2883,-99.6672,2,3,11,12,0,20.39,7.39,13.39,35.0,1013.0,12.639999999999997,5.5602757725374286,20.39,7.39,-8.0,11.39,False,False,False,False,True
MX,2025-12-11 08:47:28.628144,10.39,9.76,87,1019,0.0,scattered clouds,40,19.2883,-99.6672,8,3,11,12,0,12.39,20.39,10.39,67.0,1020.0,12.639999999999997,5.5602757725374286,20.39,7.39,-2.0,6.39,False,False,False,False,True
MX,2025-12-11 14:47:28.624809,6.39,6.39,100,1021,0.0,mist,75,19.2883,-99.6672,14,3,11,12,0,10.39,12.39,7.39,87.0,1019.0,12.389999999999995,5.887840577551901,20.39,6.39,-4.000000000000001,6.39,False,False,False,False,True
MX,2025-12-11 20:47:28.591391,18.39,17.3,39,1014,2.57,light rain,75,19.2883,-99.6672,20,3,11,12,0,6.39,10.39,20.39,100.0,1021.0,11.889999999999997,5.000000000000004,18.39,6.39,12.0,19.39,False,False,False,False,True
MX,2025-12-12 02:47:28.596534,11.39,10.57,76,1019,2.57,broken clouds,75,19.2883,-99.6672,2,4,12,12,0,18.39,6.39,12.39,39.0,1014.0,11.639999999999997,4.991659710623984,18.39,6.39,-7.0,22.39,False,False,False,False,True
MX,2025-12-12 08:47:28.605495,6.39,6.39,100,1019,0.0,mist,0,19.2883,-99.6672,8,4,12,12,0,11.39,18.39,10.39,76.0,1019.0,10.639999999999995,5.678908345800281,18.39,6.39,-5.000000000000001,8.39,False,False,False,False,True
MX,2025-12-12 14:47:28.558217,6.39,6.39,100,1021,0.0,fog,100,19.2883,-99.6672,14,4,12,12,0,6.39,11.39,6.39,100.0,1019.0,10.639999999999995,5.678908345800281,18.39,6.39,0.0,9.39,False,False,False,False,True
MX,2025-12-12 20:47:28.606232,19.39,18.22,32,1013,1.54,scattered clouds,40,19.2883,-99.6672,20,4,12,12,0,6.39,6.39,18.39,100.0,1021.0,10.889999999999995,6.137317546507329,19.39,6.39,13.0,18.39,False,False,False,False,True
MX,2025-12-13 02:47:28.627039,22.39,21.73,40,1020,0.0,broken clouds,75,19.2883,-99.6672,2,5,13,12,1,19.39,6.39,11.39,32.0,1013.0,13.639999999999995,8.460693430998038,22.39,6.39,3.0,12.39,False,False,False,False,True
MX,2025-12-13 08:47:28.602819,8.39,8.39,93,1019,0.0,broken clouds,75,19.2883,-99.6672,8,5,13,12,1,22.39,19.39,6.39,40.0,1020.0,14.139999999999995,7.932002689527196,22.39,6.39,-14.0,11.02,False,False,False,False,True
MX,2025-12-13 14:47:28.570895,9.39,8.91,81,1020,1.54,overcast clouds,100,19.2883,-99.6672,14,5,13,12,1,8.39,22.39,6.39,93.0,1019.0,14.889999999999995,7.04745817062199,22.39,8.39,1.0,8.39,False,False,False,False,True
MX,2025-12-13 20:47:28.573231,18.39,17.38,42,1015,0.0,overcast clouds,100,19.2883,-99.6672,20,5,13,12,1,9.39,8.39,19.39,81.0,1020.0,14.639999999999995,6.849574196011505,22.39,8.39,9.0,17.39,False,False,False,False,True
MX,2025-12-14 02:47:28.566406,12.39,11.67,76,1019,0.0,broken clouds,75,19.2883,-99.6672,2,6,14,12,1,18.39,9.39,22.39,42.0,1015.0,12.139999999999995,4.500000000000004,18.39,8.39,-6.0,11.39,False,False,False,False,True
MX,2025-12-14 08:47:28.606073,11.02,9.9,66,1019,0.16,broken clouds,82,19.2883,-99.6672,8,6,14,12,1,12.39,18.39,8.39,76.0,1019.0,12.797499999999996,3.924821651998983,18.39,9.39,-1.370000000000001,7.39,False,False,False,False,True
MX,2025-12-14 14:47:28.598815,8.39,8.39,87,1023,0.0,haze,75,19.2883,-99.6672,14,6,14,12,1,11.02,12.39,9.39,66.0,1019.0,12.547499999999996,4.233897928229577,18.39,8.39,-2.629999999999999,5.39,False,False,False,False,True
MX,2025-12-14 20:47:28.590852,17.39,16.02,32,1018,5.66,broken clouds,75,19.2883,-99.6672,20,6,14,12,1,8.39,11.02,18.39,87.0,1023.0,12.297499999999996,3.7790067037075628,17.39,8.39,9.0,15.39,False,False,False,False,True
MX,2025-12-15 02:47:28.598849,11.39,10.31,66,1025,1.54,few clouds,20,19.2883,-99.6672,2,0,15,12,0,17.39,8.39,12.39,32.0,1018.0,12.047499999999996,3.8038434510373893,17.39,8.39,-6.0,11.39,False,False,False,False,True
MX,2025-12-15 08:47:28.565223,7.39,6.1,87,1024,2.06,broken clouds,75,19.2883,-99.6672,8,0,15,12,0,11.39,17.39,11.02,66.0,1025.0,11.139999999999995,4.500000000000006,17.39,7.39,-4.000000000000001,6.39,False,False,False,False,True
MX,2025-12-15 14:47:28.591059,5.39,4.34,93,1025,1.54,broken clouds,75,19.2883,-99.6672,14,0,15,12,0,7.39,11.39,8.39,87.0,1024.0,10.389999999999993,5.2915026221291885,17.39,5.39,-2.0,4.39,False,False,False,False,True
MX,2025-12-15 20:47:28.576873,15.39,14.24,48,1020,5.14,scattered clouds,40,19.2883,-99.6672,20,0,15,12,0,5.39,7.39,17.39,93.0,1025.0,9.889999999999995,4.4347115652167,15.39,5.39,10.0,17.39,False,False,False,False,True
MX,2025-12-16 02:47:28.605109,11.39,10.31,66,1024,2.06,broken clouds,75,19.2883,-99.6672,2,1,16,12,0,15.39,5.39,11.39,48.0,1020.0,9.889999999999995,4.4347115652167,15.39,5.39,-4.0,12.39,False,False,False,False,True
MX,2025-12-16 08:47:28.585771,6.39,5.48,93,1022,1.54,clear sky,0,19.2883,-99.6672,8,1,16,12,0,11.39,15.39,7.39,66.0,1024.0,9.639999999999995,4.645786621588795,15.39,5.39,-5.000000000000001,4.39,False,False,False,False,True
MX,2025-12-16 14:47:28.602972,4.39,4.39,100,1022,0.0,fog,100,19.2883,-99.6672,14,1,16,12,0,6.39,11.39,5.39,93.0,1022.0,9.389999999999993,4.96655480858379,15.39,4.39,-2.0,2.39,False,False,False,False,True
MX,2025-12-16 20:47:28.587920,17.39,16.2,39,1015,3.09,broken clouds,75,19.2883,-99.6672,20,1,16,12,0,4.39,6.39,15.39,100.0,1022.0,9.889999999999993,5.80229839517641,17.39,4.39,13.0,15.39,False,False,False,False,True
MX,2025-12-17 02:47:28.581645,12.39,11.43,67,1021,1.54,scattered clouds,40,19.2883,-99.6672,2,2,17,12,0,17.39,4.39,11.39,39.0,1015.0,10.139999999999993,5.909032633745285,17.39,4.39,-5.0,7.39,False,False,False,False,True
MX,2025-12-17 08:47:28.588986,4.39,4.39,93,1020,1.03,clear sky,0,19.2883,-99.6672,8,2,17,12,0,12.39,17.39,6.39,67.0,1021.0,9.639999999999993,6.39661368746517,17.39,4.39,-8.0,3.39,False,False,False,False,True
MX,2025-12-17 14:47:28.612694,2.39,2.39,100,1019,1.03,haze,20,19.2883,-99.6672,14,2,17,12,0,4.39,12.39,4.39,93.0,1020.0,9.139999999999993,6.994045086119103,17.39,2.39,-1.9999999999999996,3.39,False,False,False,False,True
MX,2025-12-17 20:47:28.616778,15.39,14.32,51,1013,1.03,scattered clouds,40,19.2883,-99.6672,20,2,17,12,0,2.39,4.39,17.39,100.0,1019.0,8.639999999999995,6.238322424070976,15.39,2.39,13.0,15.39,False,False,False,False,True
MX,2025-12-18 02:47:28.629307,7.39,7.39,93,1019,0.0,broken clouds,75,19.2883,-99.6672,2,3,18,12,0,15.39,2.39,12.39,51.0,1013.0,7.389999999999994,5.715476066494094,15.39,2.39,-8.0,7.39,False,False,False,False,True
MX,2025-12-18 08:47:28.662092,3.39,3.39,100,1018,0.0,clear sky,0,19.2883,-99.6672,8,3,18,12,0,7.39,15.39,4.39,93.0,1019.0,7.139999999999994,5.90903263374529,15.39,2.39,-3.9999999999999996,1.39,False,False,False,False,True
MX,2025-12-18 14:47:28.592123,3.39,3.39,100,1019,1.03,haze,0,19.2883,-99.6672,14,3,18,12,0,3.39,7.39,2.39,100.0,1018.0,7.389999999999994,5.656854249492391,15.39,3.39,0.0,3.39,False,False,False,False,True
MX,2025-12-18 20:47:28.614118,15.39,14.0,39,1015,1.54,light rain,75,19.2883,-99.6672,20,3,18,12,0,3.39,3.39,15.39,100.0,1019.0,7.389999999999995,5.656854249492391,15.39,3.39,12.0,17.39,False,False,False,False,True
MX,2025-12-19 02:47:28.660709,7.39,7.39,76,1021,1.03,few clouds,20,19.2883,-99.6672,2,4,19,12,0,15.39,3.39,7.39,39.0,1015.0,7.389999999999994,5.656854249492391,15.39,3.39,-8.0,9.39,False,False,False,False,True
MX,2025-12-19 08:47:28.599274,1.39,1.39,93,1021,0.0,clear sky,0,19.2883,-99.6672,8,4,19,12,0,7.39,15.39,3.39,76.0,1021.0,6.889999999999994,6.191391873668915,15.39,1.39,-6.0,6.66,False,False,False,False,True
MX,2025-12-19 14:47:28.575868,3.39,1.43,87,1024,2.06,haze,0,19.2883,-99.6672,14,4,19,12,0,1.39,7.39,3.39,93.0,1021.0,6.889999999999995,6.191391873668915,15.39,1.39,2.0,1.39,False,False,False,False,True
MX,2025-12-19 20:47:28.576666,17.39,16.02,32,1017,6.17,scattered clouds,40,19.2883,-99.6672,20,4,19,12,0,3.39,1.39,15.39,87.0,1024.0,7.389999999999995,7.118052168020883,17.39,1.39,14.0,17.39,False,False,False,False,True
MX,2025-12-20 02:47:28.590263,9.39,9.39,57,1024,1.03,clear sky,0,19.2883,-99.6672,2,5,20,12,1,17.39,3.39,7.39,32.0,1017.0,7.889999999999995,7.187952884282617,17.39,1.39,-8.0,10.39,False,False,False,False,True
MX,2025-12-20 08:47:28.604854,6.66,6.66,74,1023,1.24,clear sky,0,19.2883,-99.6672,8,5,20,12,1,9.39,17.39,1.39,57.0,1024.0,9.207499999999996,5.981072228288177,17.39,3.39,-2.7300000000000004,4.39,False,False,False,False,True
MX,2025-12-20 14:47:28.588749,1.39,1.39,93,1024,1.03,clear sky,0,19.2883,-99.6672,14,5,20,12,1,6.66,9.39,3.39,74.0,1023.0,8.707499999999994,6.67307213108526,17.39,1.39,-5.2700000000000005,3.39,False,False,False,False,True
MX,2025-12-20 20:47:28.573484,17.39,15.89,27,1016,1.03,scattered clouds,40,19.2883,-99.6672,20,5,20,12,1,1.39,6.66,17.39,93.0,1024.0,8.707499999999996,6.67307213108526,17.39,1.39,16.0,19.39,False,False,False,False,True
MX,2025-12-21 02:47:28.606786,10.39,9.1,62,1022,3.09,scattered clouds,40,19.2883,-99.6672,2,6,21,12,1,17.39,1.39,9.39,27.0,1016.0,8.957499999999996,6.725688936210682,17.39,1.39,-7.0,13.39,False,False,False,False,True
MX,2025-12-21 08:47:28.621552,4.39,3.2,81,1023,1.54,clear sky,0,19.2883,-99.6672,8,6,21,12,1,10.39,17.39,6.66,62.0,1022.0,8.389999999999995,7.0710678118654835,17.39,1.39,-6.000000000000001,4.13,False,False,False,False,True
MX,2025-12-21 14:47:28.595992,3.39,3.39,81,1024,0.0,haze,40,19.2883,-99.6672,14,6,21,12,1,4.39,10.39,1.39,81.0,1023.0,8.889999999999995,6.454972243679036,17.39,3.39,-0.9999999999999996,4.39,False,False,False,False,True
MX,2025-12-21 20:47:28.666285,19.39,17.96,22,1016,0.0,clear sky,0,19.2883,-99.6672,20,6,21,12,1,3.39,4.39,17.39,81.0,1024.0,9.389999999999995,7.348469228349541,19.39,3.39,16.0,17.39,False,False,False,False,True
MX,2025-12-22 02:47:28.591491,13.39,12.01,47,1023,3.6,scattered clouds,40,19.2883,-99.6672,2,0,22,12,0,19.39,3.39,10.39,22.0,1016.0,10.139999999999995,7.632168761236879,19.39,3.39,-6.0,11.39,False,False,False,False,True
MX,2025-12-22 08:47:28.608616,4.13,4.13,69,1023,0.23,clear sky,6,19.2883,-99.6672,8,0,22,12,0,13.39,19.39,4.39,47.0,1023.0,10.074999999999996,7.698283358429121,19.39,3.39,-9.260000000000002,6.39,False,False,False,False,True
MX,2025-12-22 14:47:28.611699,4.39,3.2,87,1025,1.54,clear sky,0,19.2883,-99.6672,14,0,22,12,0,4.13,13.39,3.39,69.0,1023.0,10.324999999999996,7.420033692645881,19.39,4.13,0.2599999999999998,6.39,False,False,False,False,True
MX,2025-12-22 20:47:28.597069,17.39,16.28,42,1018,4.12,light rain,75,19.2883,-99.6672,20,0,22,12,0,4.39,4.13,19.39,87.0,1025.0,9.824999999999996,6.631005454177626,17.39,4.13,13.0,16.39,False,False,False,False,True
MX,2025-12-23 02:47:28.626017,11.39,10.73,82,1023,3.09,broken clouds,75,19.2883,-99.6672,2,1,23,12,0,17.39,4.39,13.39,42.0,1018.0,9.324999999999996,6.341679588247904,17.39,4.13,-6.0,12.39,False,False,False,False,True
MX,2025-12-23 08:47:28.586329,6.39,5.48,100,1022,1.54,fog,100,19.2883,-99.6672,8,1,23,12,0,11.39,17.39,4.13,82.0,1023.0,9.889999999999993,5.80229839517641,17.39,4.39,-5.000000000000001,6.39,False,False,False,False,True
MX,2025-12-23 14:47:28.595513,6.39,5.48,100,1024,1.54,fog,100,19.2883,-99.6672,14,1,23,12,0,6.39,11.39,4.39,100.0,1022.0,10.389999999999993,5.22812904711938,17.39,6.39,0.0,5.39,False,False,False,False,True
MX,2025-12-23 20:47:28.626779,16.39,15.42,51,1017,3.6,light rain,20,19.2883,-99.6672,20,1,23,12,0,6.39,6.39,17.39,100.0,1024.0,10.139999999999993,4.7871355387816985,16.39,6.39,10.0,18.39,False,False,False,False,True
MX,2025-12-24 02:47:28.564684,12.39,11.3,62,1023,2.57,light rain,40,19.2883,-99.6672,2,2,24,12,0,16.39,6.39,11.39,51.0,1017.0,10.389999999999993,4.898979485566362,16.39,6.39,-4.0,11.39,False,False,False,False,True
MX,2025-12-24 08:47:28.614797,6.39,6.39,93,1023,0.0,scattered clouds,40,19.2883,-99.6672,8,2,24,12,0,12.39,16.39,6.39,62.0,1023.0,10.389999999999993,4.898979485566362,16.39,6.39,-6.000000000000001,9.39,False,False,False,False,True
MX,2025-12-24 14:47:28.565583,5.39,4.34,100,1026,1.54,fog,100,19.2883,-99.6672,14,2,24,12,0,6.39,12.39,6.39,93.0,1023.0,10.139999999999993,5.188127472091134,16.39,5.39,-1.0,5.39,False,False,False,False,True
MX,2025-12-24 20:47:28.618106,18.39,17.38,42,1018,2.06,scattered clouds,40,19.2883,-99.6672,20,2,24,12,0,5.39,6.39,16.39,100.0,1026.0,10.639999999999993,6.020797289396152,18.39,5.39,13.0,18.39,False,False,False,False,True
MX,2025-12-25 02:47:28.648834,11.39,10.57,76,1023,2.57,broken clouds,75,19.2883,-99.6672,2,3,25,12,0,18.39,5.39,12.39,42.0,1018.0,10.389999999999993,5.944184833375674,18.39,5.39,-7.0,12.39,False,False,False,False,True
MX,2025-12-25 08:47:28.621897,9.39,8.43,81,1024,2.06,smoke,0,19.2883,-99.6672,8,3,25,12,0,11.39,18.39,6.39,76.0,1023.0,11.139999999999993,5.439056290693577,18.39,5.39,-2.0,5.39,False,False,False,False,True
MX,2025-12-25 14:47:28.598155,5.39,4.34,100,1024,1.54,fog,100,19.2883,-99.6672,14,3,25,12,0,9.39,11.39,5.39,81.0,1024.0,11.139999999999993,5.439056290693577,18.39,5.39,-4.000000000000001,4.39,False,False,False,False,True
MX,2025-12-25 20:47:28.588604,18.39,17.12,32,1016,3.6,smoke,40,19.2883,-99.6672,20,3,25,12,0,5.39,9.39,18.39,100.0,1024.0,11.139999999999993,5.439056290693577,18.39,5.39,13.0,16.39,False,False,False,False,True
MX,2025-12-26 02:47:28.609522,12.39,11.43,67,1022,1.54,broken clouds,75,19.2883,-99.6672,2,4,26,12,0,18.39,5.39,11.39,32.0,1016.0,11.389999999999993,5.477225575051664,18.39,5.39,-6.0,11.39,False,False,False,False,True
MX,2025-12-26 08:47:28.613962,5.39,5.39,93,1021,0.0,clear sky,0,19.2883,-99.6672,8,4,26,12,0,12.39,18.39,9.39,67.0,1022.0,10.389999999999993,6.271629240742264,18.39,5.39,-7.000000000000001,4.39,False,False,False,False,True
MX,2025-12-26 14:47:28.614398,4.39,4.39,100,1023,0.0,fog,100,19.2883,-99.6672,14,4,26,12,0,5.39,12.39,5.39,93.0,1021.0,10.139999999999993,6.551081335677854,18.39,4.39,-1.0,1.39,False,False,False,False,True
MX,2025-12-26 20:47:28.594085,16.39,15.02,36,1014,3.6,scattered clouds,40,19.2883,-99.6672,20,4,26,12,0,4.39,5.39,18.39,100.0,1023.0,9.639999999999993,5.737304826019509,16.39,4.39,12.0,16.39,False,False,False,False,True
MX,2025-12-27 02:47:28.615368,11.39,10.1,58,1019,2.57,light rain,100,19.2883,-99.6672,2,5,27,12,1,16.39,4.39,12.39,36.0,1014.0,9.389999999999993,5.597618541248895,16.39,4.39,-5.0,9.39,False,False,False,False,True
MX,2025-12-27 08:47:28.576121,4.39,4.39,93,1018,1.03,clear sky,0,19.2883,-99.6672,8,5,27,12,1,11.39,16.39,5.39,58.0,1019.0,9.139999999999993,5.852349955359821,16.39,4.39,-7.000000000000001,3.39,False,False,False,False,True
MX,2025-12-27 14:47:28.578061,1.39,-0.23,100,1020,1.54,mist,0,19.2883,-99.6672,14,5,27,12,1,4.39,11.39,4.39,93.0,1018.0,8.389999999999993,6.782329983125276,16.39,1.39,-3.0,5.39,False,False,False,False,True
MX,2025-12-27 20:47:28.587923,16.39,15.02,36,1014,1.54,scattered clouds,40,19.2883,-99.6672,20,5,27,12,1,1.39,4.39,16.39,100.0,1020.0,8.389999999999993,6.782329983125276,16.39,1.39,15.0,16.39,False,False,False,False,True
MX,2025-12-28 02:47:28.601060,9.39,8.05,76,1019,2.57,few clouds,20,19.2883,-99.6672,2,6,28,12,1,16.39,1.39,11.39,36.0,1014.0,7.8899999999999935,6.557438524302011,16.39,1.39,-7.0,10.39,False,False,False,False,True
MX,2025-12-28 08:47:28.595271,3.39,3.39,93,1019,0.0,clear sky,0,19.2883,-99.6672,8,6,28,12,1,9.39,16.39,4.39,76.0,1019.0,7.6399999999999935,6.751543033509709,16.39,1.39,-6.0,5.39,False,False,False,False,True
MX,2025-12-28 14:47:28.593289,5.39,5.39,93,1020,0.0,mist,0,19.2883,-99.6672,14,6,28,12,1,3.39,9.39,1.39,93.0,1019.0,8.639999999999993,5.737304826019511,16.39,3.39,1.9999999999999996,5.39,False,False,False,False,True
MX,2025-12-28 20:47:28.613442,16.39,14.97,34,1013,0.0,scattered clouds,40,19.2883,-99.6672,20,6,28,12,1,5.39,3.39,16.39,93.0,1020.0,8.639999999999993,5.737304826019511,16.39,3.39,11.0,17.39,False,False,False,False,True
MX,2025-12-29 02:47:28.580149,10.39,9.47,76,1019,1.03,light rain,0,19.2883,-99.6672,2,0,29,12,0,16.39,5.39,9.39,34.0,1013.0,8.889999999999993,5.802298395176412,16.39,3.39,-6.0,11.39,False,False,False,False,True
MX,2025-12-29 08:47:28.611095,5.39,5.39,93,1019,0.0,scattered clouds,40,19.2883,-99.6672,8,0,29,12,0,10.39,16.39,3.39,76.0,1019.0,9.389999999999993,5.228129047119383,16.39,5.39,-5.000000000000001,3.35,False,False,False,False,True
MX,2025-12-29 14:47:28.601646,5.39,5.39,87,1021,0.0,mist,20,19.2883,-99.6672,14,0,29,12,0,5.39,10.39,5.39,93.0,1019.0,9.389999999999993,5.228129047119383,16.39,5.39,0.0,5.39,False,False,False,False,True
MX,2025-12-29 20:47:28.565543,17.39,15.84,25,1016,7.2,scattered clouds,40,19.2883,-99.6672,20,0,29,12,0,5.39,5.39,16.39,87.0,1021.0,9.639999999999993,5.678908345800281,17.39,5.39,12.0,15.39,False,False,False,False,True
MX,2025-12-30 02:47:28.601921,11.39,10.1,58,1023,7.72,clear sky,0,19.2883,-99.6672,2,1,30,12,0,17.39,5.39,10.39,25.0,1016.0,9.889999999999993,5.744562646538036,17.39,5.39,-6.0,10.39,False,False,False,False,True
MX,2025-12-30 08:47:28.639552,3.35,2.01,93,1023,1.54,broken clouds,73,19.2883,-99.6672,8,1,30,12,0,11.39,17.39,5.39,58.0,1023.0,9.379999999999994,6.337223366743522,17.39,3.35,-8.040000000000001,3.39,False,False,False,False,True
MX,2025-12-30 14:47:28.592555,5.39,3.76,81,1024,2.06,few clouds,20,19.2883,-99.6672,14,1,30,12,0,3.35,11.39,5.39,93.0,1023.0,9.379999999999994,6.337223366743522,17.39,3.35,2.0399999999999996,4.39,False,False,False,False,True
MX,2025-12-30 20:47:28.623017,15.39,14.24,48,1017,5.66,few clouds,20,19.2883,-99.6672,20,1,30,12,0,5.39,3.35,17.39,81.0,1024.0,8.879999999999994,5.520905722795863,15.39,3.35,10.0,19.39,False,False,False,False,True
MX,2025-12-31 02:47:28.606396,10.39,9.21,66,1022,3.6,few clouds,20,19.2883,-99.6672,2,2,31,12,0,15.39,5.39,11.39,48.0,1017.0,8.629999999999994,5.3904607100568676,15.39,3.35,-5.0,11.39,False,False,False,False,True
MX,2025-12-31 08:47:28.626893,3.39,3.39,100,1022,0.0,clear sky,0,19.2883,-99.6672,8,2,31,12,0,10.39,15.39,3.35,66.0,1022.0,8.639999999999993,5.377421934967238,15.39,3.39,-7.0,2.98,False,False,False,False,True
MX,2025-12-31 14:47:28.652580,4.39,4.39,100,1024,1.03,few clouds,20,19.2883,-99.6672,14,2,31,12,0,3.39,10.39,5.39,100.0,1022.0,8.389999999999993,5.597618541248901,15.39,3.39,0.9999999999999996,2.39,False,False,False,False,True
MX,2025-12-31 20:47:28.613443,19.39,18.17,30,1017,2.06,scattered clouds,40,19.2883,-99.6672,20,2,31,12,0,4.39,3.39,15.39,100.0,1024.0,9.389999999999993,7.348469228349541,19.39,3.39,15.0,18.39,False,False,False,False,True
MX,2026-01-01 02:47:28.610967,11.39,10.57,76,1022,2.57,overcast clouds,100,19.2883,-99.6672,2,3,1,1,0,19.39,4.39,10.39,30.0,1017.0,9.639999999999993,7.410578025138576,19.39,3.39,-8.0,13.39,False,False,False,False,True
MX,2026-01-01 08:47:28.624423,2.98,2.98,89,1023,1.03,clear sky,9,19.2883,-99.6672,8,3,1,1,0,11.39,19.39,3.39,76.0,1022.0,9.537499999999993,7.527750327953238,19.39,2.98,-8.41,5.02,False,False,False,False,True
MX,2026-01-01 14:47:28.591429,2.39,0.91,100,1023,1.54,fog,75,19.2883,-99.6672,14,3,1,1,0,2.98,11.39,4.39,89.0,1023.0,9.037499999999994,8.033079007039172,19.39,2.39,-0.5899999999999999,4.39,False,False,False,False,True
MX,2026-01-01 20:47:28.601970,18.39,16.99,27,1015,4.63,scattered clouds,40,19.2883,-99.6672,20,3,1,1,0,2.39,2.98,19.39,100.0,1023.0,8.787499999999994,7.607804654870338,18.39,2.39,16.0,18.39,False,False,False,False,True
MX,2026-01-02 02:47:28.661776,13.39,12.4,62,1021,3.09,broken clouds,75,19.2883,-99.6672,2,4,2,1,0,18.39,2.39,11.39,27.0,1015.0,9.287499999999994,7.896118772325221,18.39,2.39,-5.0,13.39,False,False,False,False,True
MX,2026-01-02 08:47:28.594148,5.02,5.02,70,1020,0.61,broken clouds,60,19.2883,-99.6672,8,4,2,1,0,13.39,18.39,2.98,62.0,1021.0,9.797499999999994,7.4034378275681325,18.39,2.39,-8.370000000000001,5.39,False,False,False,False,True
MX,2026-01-02 14:47:28.586899,4.39,4.39,81,1021,0.0,clear sky,0,19.2883,-99.6672,14,4,2,1,0,5.02,13.39,2.39,70.0,1020.0,10.297499999999994,6.777479251167064,18.39,4.39,-0.6299999999999999,4.39,False,False,False,False,True
MX,2026-01-02 20:47:28.652242,18.39,16.96,26,1013,1.54,clear sky,0,19.2883,-99.6672,20,4,2,1,0,4.39,5.02,18.39,81.0,1021.0,10.297499999999992,6.777479251167064,18.39,4.39,14.0,20.39,False,False,False,False,True
MX,2026-01-03 02:47:28.626431,13.39,12.3,58,1020,2.06,few clouds,20,19.2883,-99.6672,2,5,3,1,1,18.39,4.39,13.39,26.0,1013.0,10.297499999999992,6.777479251167064,18.39,4.39,-5.0,11.39,False,False,False,False,True
MX,2026-01-03 08:47:28.633755,5.39,4.34,87,1019,1.54,clear sky,0,19.2883,-99.6672,8,5,3,1,1,13.39,18.39,5.02,58.0,1020.0,10.389999999999993,6.683312551921144,18.39,4.39,-8.0,4.39,False,False,False,False,True
MX,2026-01-03 14:47:28.614718,4.39,3.2,93,1020,1.54,mist,0,19.2883,-99.6672,14,5,3,1,1,5.39,13.39,4.39,87.0,1019.0,10.389999999999993,6.683312551921144,18.39,4.39,-1.0,5.39,False,False,False,False,True
MX,2026-01-03 20:47:28.606350,20.39,19.32,32,1013,1.54,scattered clouds,40,19.2883,-99.6672,20,5,3,1,1,4.39,5.39,18.39,93.0,1020.0,10.889999999999993,7.505553499465138,20.39,4.39,16.0,18.39,False,False,False,False,True
MX,2026-01-04 02:47:28.608139,11.39,10.31,66,1019,3.09,few clouds,20,19.2883,-99.6672,2,6,4,1,1,20.39,4.39,13.39,32.0,1013.0,10.389999999999993,7.348469228349539,20.39,4.39,-9.0,11.39,False,False,False,False,True
MX,2026-01-04 08:47:28.643528,4.39,4.39,81,1021,0.0,clear sky,0,19.2883,-99.6672,8,6,4,1,1,11.39,20.39,5.39,66.0,1019.0,10.139999999999992,7.588368291888146,20.39,4.39,-7.000000000000001,4.39,False,False,False,False,True
MX,2026-01-04 14:47:28.633609,5.39,5.39,75,1022,0.0,haze,0,19.2883,-99.6672,14,6,4,1,1,4.39,11.39,4.39,81.0,1021.0,10.389999999999992,7.348469228349539,20.39,4.39,1.0,4.39,False,False,False,False,True
MX,2026-01-04 20:47:28.601727,18.39,17.25,37,1014,1.54,broken clouds,75,19.2883,-99.6672,20,6,4,1,1,5.39,4.39,20.39,75.0,1022.0,9.889999999999992,6.454972243679035,18.39,4.39,13.0,19.39,False,False,False,False,True
MX,2026-01-05 02:47:28.599103,11.39,10.2,62,1021,1.54,clear sky,0,19.2883,-99.6672,2,0,5,1,0,18.39,5.39,11.39,37.0,1014.0,9.889999999999992,6.454972243679035,18.39,4.39,-7.0,13.39,False,False,False,False,True
MX,2026-01-05 08:47:28.639139,4.39,4.39,87,1021,0.0,clear sky,0,19.2883,-99.6672,8,0,5,1,0,11.39,18.39,4.39,62.0,1021.0,9.889999999999992,6.454972243679036,18.39,4.39,-7.000000000000001,7.99,False,False,False,False,True
MX,2026-01-05 14:47:28.585882,4.39,4.39,87,1022,0.0,clear sky,0,19.2883,-99.6672,14,0,5,1,0,4.39,11.39,5.39,87.0,1021.0,9.639999999999992,6.701989754294375,18.39,4.39,0.0,5.39,False,False,False,False,True
MX,2026-01-05 20:47:28.603001,19.39,18.12,28,1013,2.57,clear sky,0,19.2883,-99.6672,20,0,5,1,0,4.39,4.39,18.39,87.0,1022.0,9.889999999999992,7.141428428542857,19.39,4.39,15.0,20.39,False,False,False,False,True
